/*
SQLyog Community v13.1.5  (64 bit)
MySQL - 5.7.24 : Database - db-sf4-exo1
*********************************************************************
*/

SET FOREIGN_KEY_CHECKS=0;

/*!40101 SET NAMES utf8 */;

/*!40101 SET SQL_MODE=''*/;

/*!40014 SET @OLD_UNIQUE_CHECKS=@@UNIQUE_CHECKS, UNIQUE_CHECKS=0 */;
/*!40014 SET @OLD_FOREIGN_KEY_CHECKS=@@FOREIGN_KEY_CHECKS, FOREIGN_KEY_CHECKS=0 */;
/*!40101 SET @OLD_SQL_MODE=@@SQL_MODE, SQL_MODE='NO_AUTO_VALUE_ON_ZERO' */;
/*!40111 SET @OLD_SQL_NOTES=@@SQL_NOTES, SQL_NOTES=0 */;
CREATE DATABASE /*!32312 IF NOT EXISTS*/`db-sf4-exo1` /*!40100 DEFAULT CHARACTER SET latin1 */;

USE `db-sf4-exo1`;

/*Table structure for table `article` */

DROP TABLE IF EXISTS `article`;

CREATE TABLE `article` (
  `id` int(11) NOT NULL AUTO_INCREMENT,
  `title` varchar(255) COLLATE utf8mb4_unicode_ci NOT NULL,
  `content` longtext COLLATE utf8mb4_unicode_ci NOT NULL,
  `image` varchar(255) COLLATE utf8mb4_unicode_ci NOT NULL,
  `created_at` datetime NOT NULL,
  `category_id` int(11) NOT NULL,
  PRIMARY KEY (`id`),
  KEY `IDX_23A0E6612469DE2` (`category_id`),
  CONSTRAINT `FK_23A0E6612469DE2` FOREIGN KEY (`category_id`) REFERENCES `category` (`id`)
) ENGINE=InnoDB AUTO_INCREMENT=31 DEFAULT CHARSET=utf8mb4 COLLATE=utf8mb4_unicode_ci;

/*Data for the table `article` */

insert  into `article`(`id`,`title`,`content`,`image`,`created_at`,`category_id`) values 
(1,'Ut itaque voluptatum explicabo.','<p>Error quasi veniam eaque voluptatem a temporibus. Aut est et eum ut porro. Quasi accusantium quam commodi dolores.</p><p>Tempora atque distinctio et illum ut possimus tempore et. Cum ab delectus et. Dolorum ut facere officia dolorem. Dolores molestiae et expedita voluptatem excepturi distinctio.</p><p>Nulla quas necessitatibus nostrum animi corrupti sint. Sed ex commodi qui nisi nam. Nemo rerum officia voluptatem placeat. Dolores dolorem architecto quasi nihil.</p><p>Est qui earum voluptas corrupti asperiores. Provident necessitatibus optio et atque aut. Fugit a suscipit non asperiores. Quos ut aut velit cum.</p><p>Officia corrupti at et modi eum autem. Rem aut voluptate necessitatibus error dignissimos expedita. Non amet aliquam occaecati voluptas. Autem quibusdam blanditiis eligendi in eos.</p>','https://lorempixel.com/640/480/?91250','2019-06-04 19:00:30',1),
(2,'Perspiciatis dolore nostrum laboriosam.','<p>Doloremque magnam numquam sit cum ut ea exercitationem. Quam impedit autem modi suscipit deserunt qui. Consequatur odio magni molestiae. Id vitae autem a expedita incidunt. Rerum eum dolorem iste ut atque reprehenderit alias.</p><p>Dolor veritatis in sed sint. Quae quod quas harum.</p><p>Neque voluptatem labore corrupti molestiae fugiat. Quia eos animi nulla fuga omnis totam.</p><p>Quia accusantium excepturi placeat dolores consequuntur eveniet. Eaque accusamus cum nisi dolorem unde. Velit quasi exercitationem sed odio est ab.</p><p>Est dicta totam atque sit facilis doloribus. Consequatur nemo neque maiores fuga. Id iste sapiente quod velit.</p>','https://lorempixel.com/640/480/?58383','2019-06-28 04:35:30',1),
(3,'Perferendis amet deleniti harum sed.','<p>Laudantium exercitationem tempore error nihil. Veniam et culpa est vitae dolor sunt aperiam. Sapiente perferendis veritatis odit dolores provident fuga id nisi. Aperiam molestias repellendus voluptate provident.</p><p>Veritatis facilis et eum et occaecati velit. Non laboriosam eius ipsa vel omnis voluptate.</p><p>Et suscipit non qui nobis laborum. Totam labore officia laboriosam. Sed ut et deleniti. Magnam voluptas libero odio.</p><p>Totam eius animi ratione. Qui nihil est quas. Deserunt natus accusamus dolorem itaque molestiae dolores. Omnis numquam dignissimos facilis consequatur similique. Doloremque voluptate perferendis est placeat molestias accusamus minus.</p><p>Libero dolores in eos odio facilis fugit nihil. Voluptas totam id et. Et dolore repellat laborum minus. Porro dolores consequatur est.</p>','https://lorempixel.com/640/480/?96838','2019-09-28 12:44:29',1),
(4,'Eligendi hic commodi nisi consequatur sequi et.','<p>Iste repellendus perspiciatis qui. Tempore aut et blanditiis dolore assumenda. At dolorum aut nam omnis repellendus quam.</p><p>Possimus ad consequuntur repellat debitis illo vero facilis. Exercitationem iusto et assumenda facere sapiente corrupti sed adipisci. Voluptatem aliquam distinctio porro totam dignissimos.</p><p>Voluptatem aliquam voluptas sunt dolore provident perferendis in. Quis tempora debitis veritatis iure. Omnis modi dolorum dolorem nisi labore distinctio. Ut itaque et eaque explicabo explicabo exercitationem. Sapiente quas dolores sit omnis aspernatur.</p><p>Maxime voluptates odit vero et nihil. Mollitia sed molestiae numquam tempore aut qui. Aliquam alias distinctio voluptatibus dicta nesciunt.</p><p>Voluptatem similique tenetur ea asperiores illo mollitia. Rerum culpa nulla non neque. Eos qui autem tenetur. Nam mollitia ut et rerum.</p>','https://lorempixel.com/640/480/?35488','2019-05-09 15:13:13',1),
(5,'Ipsum saepe nihil corrupti sit consequatur praesentium.','<p>Laborum non qui quo ipsa harum sunt modi iste. Molestiae et quod optio voluptate voluptatem placeat vel blanditiis. Facilis iure est odio.</p><p>Recusandae est voluptatum nam laborum magni voluptas. Non deleniti eum suscipit velit.</p><p>Dignissimos et vitae in culpa qui omnis. Doloremque eos voluptas ex dignissimos. Qui sint est libero omnis.</p><p>Tempore alias beatae exercitationem suscipit quasi ut necessitatibus. Odit architecto dolor rerum quaerat. Mollitia voluptatem ut quis quidem ab cum iusto voluptates.</p><p>Est voluptas similique quisquam suscipit libero. Mollitia delectus itaque pariatur ex iure. Neque minus consequatur nam maxime sunt. Tenetur dicta sunt autem dolorem quasi rerum quae ex.</p>','https://lorempixel.com/640/480/?35152','2019-05-30 10:48:10',1),
(6,'Quo dolorum aut rem corrupti at expedita.','<p>Aperiam velit dolorem dolor officiis illum velit id. Mollitia error sequi ipsum voluptas. Totam vero provident maxime dolore ex ut sunt accusamus. Laborum laudantium id omnis ducimus vero mollitia.</p><p>Amet id velit distinctio. Est debitis nobis voluptate quis iste consequatur qui. Vitae non dolorum repudiandae ad sed eos est. Excepturi eius similique dolore culpa et repudiandae.</p><p>Ipsa at dolorum consequatur libero eligendi nam enim et. Quia sunt iusto est quaerat. Est assumenda a libero inventore id nulla excepturi rerum. Voluptas ducimus ad ut sed illum id voluptatum velit.</p><p>Mollitia repellendus ipsum id. Laudantium aperiam expedita consequuntur. Magni nam excepturi quia dolor sit tenetur architecto hic. Quidem aperiam quis voluptatem ullam ad aliquid.</p><p>Ex deserunt in ab debitis consequatur in adipisci. Quia velit occaecati eos voluptatum autem facere laboriosam. Ab numquam voluptatem animi.</p>','https://lorempixel.com/640/480/?28239','2019-10-17 15:00:22',1),
(7,'Non est et voluptates ullam dolor.','<p>In tempore assumenda ratione. Voluptate est blanditiis enim saepe tempore rem. Sapiente quaerat distinctio aut cumque natus magni.</p><p>Cupiditate non veritatis perferendis veritatis exercitationem repellat omnis. Dolorum inventore qui eveniet et. Ut ut quia maiores.</p><p>Eligendi sit placeat numquam quisquam consequuntur iusto nemo. Id minima sint molestiae nemo provident non nam quam. Dolorum eum aperiam numquam architecto voluptatum. Est aperiam repellat sed et quia qui repudiandae deleniti.</p><p>Molestias provident itaque placeat voluptatem aut quaerat odio. Aut velit ullam voluptates ut voluptatem quo. Et blanditiis voluptatem hic consequatur veritatis enim.</p><p>Dolore ad aut est sint quo. Est vel architecto alias ut. Sapiente totam eos vel omnis. Quis ipsam ut nemo rerum reiciendis tenetur et.</p>','https://lorempixel.com/640/480/?19663','2019-10-13 03:12:22',1),
(8,'Cumque voluptatem hic iusto.','<p>Consequuntur facilis repudiandae soluta dolorem autem. Hic ut asperiores corporis non quisquam.</p><p>Non incidunt in nam quaerat. Repellat quia omnis culpa et est et tempora corporis. Quisquam et natus sit ipsum.</p><p>Explicabo et quis esse. Et ea sunt ut facere.</p><p>Optio ea voluptas ducimus earum non. Explicabo suscipit voluptatem ut voluptas et hic in. Dolore fuga sapiente voluptas inventore ut dicta veniam. Ducimus impedit rerum pariatur voluptas voluptatum. Adipisci nobis ut dolor praesentium.</p><p>Repudiandae rerum et dolorem qui qui doloremque. Laudantium et rerum recusandae non. Quia numquam quos architecto sapiente ex beatae et quia. Dolor minus et et.</p>','https://lorempixel.com/640/480/?38248','2019-10-26 12:14:31',1),
(9,'Rem quam deleniti voluptatem incidunt et.','<p>Ipsum aut consequatur blanditiis enim aut nesciunt. Eveniet qui voluptatem architecto quo soluta quam.</p><p>Consequatur exercitationem vel in. Sunt mollitia nihil quasi et cum. Fuga voluptates explicabo consequatur quis nobis dolores. Deleniti dicta eaque qui at ipsa numquam et voluptas. Sit saepe molestiae eum asperiores aut in molestias.</p><p>Veritatis rerum commodi voluptates enim delectus soluta. Voluptate laudantium dolore eaque. Officiis excepturi quia ut quaerat non pariatur.</p><p>Ea non nihil omnis inventore et nemo. Dignissimos et non fuga ad ut expedita. Nostrum quia quas unde.</p><p>Eligendi esse aut ut error nobis ut rerum. Fuga numquam consequuntur ad tempore qui. Rerum recusandae neque vel.</p>','https://lorempixel.com/640/480/?95522','2019-08-06 17:19:51',1),
(10,'Ratione aut unde modi dignissimos.','<p>Aut quia aut quos explicabo praesentium et. Nesciunt voluptate porro et asperiores autem provident. Id ea debitis repellat distinctio incidunt possimus. Quidem natus distinctio ab minima dolores enim.</p><p>Sint voluptas quo ex quasi itaque ducimus nesciunt. Voluptatem libero eveniet est voluptatem. Ratione tempora ducimus aut magni possimus.</p><p>Delectus nemo provident deserunt fugiat qui similique ullam. Nisi tempora officia eius. Velit repudiandae delectus qui eum accusantium ipsum.</p><p>Rerum et eos veritatis laboriosam eum. Eius earum culpa tempora adipisci et magni enim. Fugiat nobis velit a laborum et voluptatem unde. Sunt tempora ad atque iure dolorem ut neque inventore.</p><p>Aut aperiam iste quis ad ea ea rerum. Voluptas minus error quia aliquid in ab.</p>','https://lorempixel.com/640/480/?38148','2019-08-19 08:52:30',1),
(11,'Assumenda earum pariatur quae.','<p>Error reiciendis exercitationem omnis. Eveniet voluptatem voluptates nobis eius repellendus. Dolores adipisci facilis dolorem sint.</p><p>Necessitatibus consequatur nihil ut ab est culpa asperiores nostrum. Facere esse reiciendis deleniti officiis qui provident sit. Consequatur ut consequatur minima eligendi beatae voluptatem dolores. Facere quia minus reiciendis dolorem.</p><p>Similique autem fugit cum libero ad eius nihil. Totam sequi maiores excepturi officiis. Vero commodi id cumque accusamus.</p><p>Necessitatibus quisquam a quo ab. Dolore quo voluptas quasi id voluptatum dolore pariatur dicta. Voluptas molestias libero aspernatur occaecati explicabo.</p><p>Similique animi sunt voluptas fuga aut. Excepturi cupiditate error veritatis ea sint vitae amet. Quasi numquam laudantium quis iste.</p>','https://lorempixel.com/640/480/?92660','2019-08-13 18:50:40',2),
(12,'Aliquam sed nesciunt reprehenderit blanditiis.','<p>Ut odio maiores labore a. Suscipit ut sint qui. Eligendi omnis consequatur quasi nesciunt a nemo.</p><p>Doloremque voluptatum quia harum beatae laudantium eum. Reprehenderit veritatis aliquam et et. Eos qui qui doloremque iure et. Rerum dolorem voluptatem velit.</p><p>Non eum voluptas ad a repudiandae asperiores. Nesciunt est itaque aut sed quia sint. Aut ullam pariatur recusandae saepe est rem itaque ut.</p><p>Deserunt recusandae adipisci rerum fugit. Ipsum itaque vel neque vel quasi accusamus. Repellendus voluptas ea dolores consequatur.</p><p>Quo debitis ut eligendi ut voluptatibus. Animi dolores voluptatem placeat ipsam et. Ipsam voluptatem qui sed corrupti voluptatem quaerat quo sit. Numquam distinctio quia quidem repudiandae repellendus maxime natus. Eaque mollitia omnis qui et numquam.</p>','https://lorempixel.com/640/480/?90815','2019-08-21 04:16:15',2),
(13,'Quibusdam repellat voluptas eum sit non tempore.','<p>Est unde ab dolor et ut. Minima autem et dolores sint voluptas commodi.</p><p>Consequuntur consequuntur tempore mollitia ducimus explicabo ipsum. Fugiat non commodi sunt. Ducimus deserunt voluptatibus soluta et cumque est.</p><p>Veritatis veniam enim quasi error vero mollitia dolores. Sunt tenetur ut atque. Quia totam error delectus sed laboriosam libero sed. Fugit dignissimos qui ut veritatis.</p><p>Possimus neque aspernatur quis eos. Maxime repellat sunt totam assumenda et itaque. Quidem vel hic quibusdam nesciunt pariatur.</p><p>Neque quia enim et et quam molestiae est aut. Sapiente possimus corrupti qui.</p>','https://lorempixel.com/640/480/?82079','2019-06-10 20:17:15',2),
(14,'Aut et voluptate laborum voluptas cupiditate itaque sit.','<p>Voluptatum cum laudantium expedita eos hic blanditiis. Eligendi aliquam quo ipsum est.</p><p>Enim ea modi sunt ab. Eveniet est ab fugit facere enim. Incidunt atque voluptatem quia rerum saepe.</p><p>Aut qui id voluptatem. Et quasi rerum ipsa. Neque veritatis accusamus temporibus quae et suscipit eos necessitatibus. Enim quae nostrum sit sed suscipit. In tempora expedita accusamus cum.</p><p>Facere sed qui excepturi non magni impedit sequi. Doloremque tenetur eaque nostrum unde aut quisquam. Fugit minima molestias odit enim sit consequatur harum. Id ipsam sed optio fuga aspernatur.</p><p>Ut quam id nesciunt. Unde pariatur id voluptatem quia. Similique neque beatae quaerat id nemo dolores.</p>','https://lorempixel.com/640/480/?67409','2019-05-20 00:40:25',2),
(15,'Id repellat sunt ut dolorem.','<p>Distinctio reprehenderit corrupti molestias perspiciatis id. Eos ut vel tempore. Perspiciatis quod excepturi impedit quo qui.</p><p>Vitae quisquam earum magnam ex sapiente a. Ut in odit error sunt consequuntur. Molestiae impedit voluptas sit dolorem ut nisi.</p><p>Doloribus beatae consectetur voluptates vero rem omnis. Porro maxime fuga voluptatum doloribus voluptates dolore. Natus vero sed repudiandae. Modi voluptate placeat modi vel amet.</p><p>Vitae veritatis quisquam tempore molestias natus laboriosam. Eos veniam veritatis id sed fugiat ut sit. Sunt nam in consequatur assumenda. Neque doloremque veniam voluptatem molestiae pariatur iusto ex.</p><p>Facilis ipsa voluptates autem rerum officiis excepturi. Et inventore est nam. Vero molestiae similique eaque est fugit officiis ipsum. Aut hic magni voluptate sint saepe doloribus eligendi.</p>','https://lorempixel.com/640/480/?37897','2019-05-08 07:13:42',2),
(16,'Repellat eum consequatur corporis dolorem cumque.','<p>Impedit modi facilis dolores minus unde consequatur. Consequatur in quos rem. Tempore veniam temporibus corrupti voluptates quo et corporis. Eum ut nesciunt quia maiores sed consequatur consequatur.</p><p>Quibusdam et cumque ad aut. Rerum beatae dolorem tempore ex corrupti a alias. Nihil maiores inventore illum quis enim.</p><p>Est totam accusantium quasi quia porro. Tempore ea quis voluptatem praesentium corporis rerum. Sunt eveniet iusto enim repudiandae vitae est.</p><p>Maxime quam quisquam asperiores enim alias unde sapiente. Quia atque mollitia id voluptatem. Placeat sunt suscipit consequuntur temporibus qui aliquid.</p><p>At dolores architecto deleniti quaerat fugit rerum. Dolore cumque delectus ad. Suscipit repellendus suscipit nam est. Voluptatibus quas qui ut recusandae culpa est beatae eos.</p>','https://lorempixel.com/640/480/?38572','2019-06-29 11:42:36',2),
(17,'Et minima voluptas a explicabo consectetur.','<p>Dolorem dolorum et aut consectetur. Labore atque voluptas sapiente voluptatem quia sed similique. Dolor sit ea fugit consequatur et tempore. Quia quod ut in culpa debitis libero.</p><p>Est ipsam et autem. Et similique eligendi dolores consequatur amet non sed mollitia. Ipsum sapiente voluptas quo amet officiis.</p><p>Deleniti voluptatem eveniet enim. Eum sit aut et. Ipsa aliquid eum nobis et a.</p><p>Dolores exercitationem ab est consectetur. Et architecto accusantium molestias iste vel. Rerum dolorem iure rem odit accusamus sed et.</p><p>Quidem culpa eos quam maiores deleniti asperiores. Est nemo incidunt ut. Laborum fugiat molestiae suscipit ea ad quae. Fugit quos eos numquam quia facere.</p>','https://lorempixel.com/640/480/?51639','2019-08-29 19:39:06',2),
(18,'Voluptas blanditiis sed dolorem porro a.','<p>Ducimus et ipsa cum quia ut et. Quo quas quia atque laboriosam similique voluptas. Doloribus odio id omnis aliquam.</p><p>Neque eos et assumenda ut aut ad aliquam. Eaque illo earum excepturi nihil et sint omnis. Eum in dolor et natus consequuntur sunt.</p><p>Et aperiam dolorum modi maiores aliquid. Consequuntur eum quo quos omnis pariatur rerum.</p><p>Accusamus repellat sed sit velit ab. Veniam fuga voluptatem similique voluptas eius. Quis omnis enim amet rem ad omnis porro. Ratione harum tempore ex.</p><p>Rerum voluptas inventore ex accusantium aperiam. Culpa dolorem ea in voluptas vel veritatis. Sed ratione totam amet excepturi explicabo est optio. Aut facere velit possimus et laboriosam.</p>','https://lorempixel.com/640/480/?57218','2019-08-06 19:44:45',2),
(19,'Nostrum modi sequi voluptas ullam.','<p>Consequatur magnam quasi maiores nihil. Maxime odit totam repellat. Quis iste dignissimos error ducimus.</p><p>Error a sint corrupti. Quaerat doloremque et laboriosam enim earum amet nesciunt voluptas. Sed officia esse perspiciatis provident unde voluptas voluptatibus ratione.</p><p>Reiciendis rerum repudiandae mollitia recusandae est sed. Enim velit dicta mollitia quam. Officia rerum reiciendis saepe aut sit. Fuga et et delectus aut tenetur sit. Maiores quis consequuntur magni deserunt voluptatem natus.</p><p>Assumenda qui id illo ratione est omnis excepturi ut. Neque quisquam labore corporis laborum molestiae eligendi harum. Maxime fugiat autem sint sapiente dolorum.</p><p>Tempore consequatur occaecati vel porro dolor laboriosam doloremque culpa. Excepturi doloribus consequatur rerum velit quo. Harum quibusdam ut tempore porro provident. Sint exercitationem minus est architecto quos veniam.</p>','https://lorempixel.com/640/480/?37071','2019-07-09 02:14:29',2),
(20,'Consequuntur sequi architecto officiis in occaecati.','<p>Autem et adipisci voluptatem quidem eveniet vel velit. Dignissimos id ipsa ut nesciunt natus omnis. Molestiae quidem commodi labore.</p><p>Vitae iure voluptas dolorem aspernatur delectus exercitationem voluptatem quam. Voluptatum ut architecto et aspernatur ut id voluptate. Ea et nostrum recusandae pariatur nostrum in tempora. Quo veniam rem voluptas error. Magnam molestiae sunt sunt.</p><p>Possimus ut quo facere explicabo et aut. Eos eum aperiam recusandae quos. Eligendi unde sit sint sunt expedita corrupti. Veritatis mollitia velit et illo repudiandae accusamus corrupti at. Sit veniam recusandae inventore tempora omnis.</p><p>Minima optio corrupti ut ut voluptatum. Ducimus dolores quia provident quidem libero voluptate molestias. Nihil id dolor molestiae omnis at odit.</p><p>Magni nihil temporibus iusto ipsa voluptatem temporibus est consectetur. Ea tempore qui tenetur ex. Non aut aut aut et illum enim. Sint quis aspernatur odio tenetur nisi modi earum.</p>','https://lorempixel.com/640/480/?93093','2019-08-26 01:45:58',2),
(21,'Quo ratione ducimus qui alias nihil omnis.','<p>Eveniet quis beatae rerum voluptatum qui aperiam. Quas provident fugit eos libero omnis. Omnis et in aut exercitationem. Eos quas repellendus eum esse qui corporis.</p><p>Commodi officia voluptatibus nostrum libero maxime rerum dolor. Culpa nulla exercitationem autem illum. Id eligendi harum recusandae qui rerum eveniet in.</p><p>Et est ducimus iusto qui vel consequatur consequatur. Architecto provident non est dignissimos. Tempore ab voluptas id ut. Reprehenderit labore sint ad eos iusto cupiditate et. Et veniam libero autem laboriosam tenetur sed.</p><p>Eos sequi est aut odio perferendis doloribus tempore. Repellat voluptatem ex incidunt cum. Animi nihil eveniet neque aut dolorem.</p><p>Corporis dignissimos perspiciatis tempore reiciendis quia. Quas pariatur modi delectus tenetur voluptatum ducimus iure. Fugit iste odio rerum earum qui. Voluptatem molestias accusantium quia quia quia. Corporis molestiae porro voluptas illum et repudiandae nobis.</p>','https://lorempixel.com/640/480/?26789','2019-04-30 14:20:31',3),
(22,'Delectus ipsa aut non nulla adipisci commodi quis.','<p>Ad quae quo maiores tenetur aspernatur modi. Velit vitae id voluptatem quasi at. Quia quia consequatur mollitia qui delectus vel veritatis.</p><p>Occaecati eos aut ut. Rerum eius dolor deleniti velit omnis id et. Ut explicabo blanditiis officia qui quo.</p><p>Blanditiis pariatur rerum omnis adipisci sit est consequatur. Sed nisi fugiat molestiae consequatur delectus veritatis. In enim eaque veniam.</p><p>Placeat non laborum blanditiis cumque quo itaque vel. Odit veniam repellendus ut tenetur illum tempora ex possimus. Voluptatem quo et accusantium. Qui et voluptatibus excepturi vel fugiat quod voluptas voluptatem.</p><p>Consequatur dicta voluptate non in amet neque. Non rerum aut at dolores. Animi velit autem corporis est. Itaque nihil ab sapiente quisquam soluta expedita. Est eum dolorem accusamus facilis.</p>','https://lorempixel.com/640/480/?90828','2019-04-28 20:48:21',3),
(23,'Eligendi expedita quia nobis et.','<p>Ut alias minus aut consequatur sed accusantium velit. Velit odio a doloremque dolorem hic omnis ipsam. Iste repudiandae pariatur itaque.</p><p>Placeat eum voluptate odio qui expedita. Dignissimos neque cum vel magni. Qui nobis magnam iure non qui cum recusandae.</p><p>Consectetur dolore aspernatur et error illum. Veniam aut voluptas similique voluptatem atque. Quo eos fuga soluta harum repudiandae similique.</p><p>Illum saepe dicta facilis hic inventore. Quae eos in sit similique est officiis voluptatum.</p><p>Fugiat consectetur sed labore hic quod. Sit inventore eum veritatis et omnis. Cupiditate ratione eligendi magnam error unde.</p>','https://lorempixel.com/640/480/?99642','2019-06-16 07:48:02',3),
(24,'Aspernatur sit neque tempore qui soluta.','<p>Sed blanditiis rerum est repellendus fugiat facere. Impedit id qui vero excepturi et nulla possimus. Dignissimos sapiente qui sit a maxime.</p><p>Eligendi quasi at velit voluptatem reiciendis saepe. Quis voluptatem et qui in. Ad explicabo sunt quo.</p><p>Praesentium temporibus atque iusto sit ipsum possimus. Sed quas architecto id quaerat cupiditate molestiae minus sed. Enim quam sunt distinctio exercitationem.</p><p>Delectus voluptates illo vitae ut tempore. Rerum voluptas soluta dolorum assumenda pariatur tempora. Est ut accusantium provident soluta impedit et. Id eius est autem tenetur.</p><p>Porro illum quia eveniet sed error non enim. Ratione officia illo ut quibusdam possimus ut. Eligendi iste quia earum accusantium nihil incidunt. Neque praesentium iste eum esse natus dolores temporibus.</p>','https://lorempixel.com/640/480/?50339','2019-08-31 03:27:54',3),
(25,'Corporis deleniti exercitationem et consectetur aliquam quo harum eveniet.','<p>Inventore officia vel voluptatem maiores ullam. Velit numquam cumque sapiente expedita. Omnis molestiae est eos voluptatum velit aspernatur dolores.</p><p>Explicabo ducimus consequatur esse quam facere sit. Debitis debitis hic et quisquam illum natus ea vero. Et natus voluptates perferendis quidem.</p><p>Fugit ut veritatis quia consequatur asperiores rerum quia in. Incidunt minus adipisci voluptatibus distinctio veniam assumenda ipsam sed. Consequatur rerum dolor quo a occaecati vitae vitae. Exercitationem quaerat totam deserunt aut aut.</p><p>Incidunt maiores non nulla aut explicabo modi. Ut consequatur voluptate ad consequuntur et quo deleniti. Deserunt maxime corrupti aliquid quidem provident.</p><p>Voluptatem earum amet quas facere voluptatem. Illum dignissimos omnis perspiciatis laudantium. Molestias eaque facilis quidem sint vitae dolorem.</p>','https://lorempixel.com/640/480/?76693','2019-06-16 03:32:59',3),
(26,'Corrupti ducimus rerum ad quas reiciendis quam error.','<p>Et voluptas distinctio ut vel fuga voluptatibus quod. Ut quam quas quia sed. In ea ut et omnis.</p><p>Ipsam perferendis ipsam pariatur perspiciatis labore. Architecto ut molestias fugit quisquam neque. Dolore vel eligendi aut tempora non ea.</p><p>Ex et sunt adipisci ipsa sed eos necessitatibus excepturi. Sunt sit laborum beatae sed laudantium cum.</p><p>Iste molestiae exercitationem aliquid. Rerum fugiat odit quas id libero. Iure et et temporibus eligendi et dolor. Rerum doloremque excepturi et voluptates minima nobis.</p><p>Omnis quia perferendis eius a odio. Voluptate hic et laudantium voluptatem nihil doloribus. Vel saepe voluptatibus et magnam. Ratione laudantium et quia vero sed deleniti aut.</p>','https://lorempixel.com/640/480/?75005','2019-05-19 22:22:58',3),
(27,'Consequatur quas dolores quidem occaecati recusandae voluptas cupiditate.','<p>Enim natus atque magni itaque enim adipisci. Ipsa modi quaerat cumque doloribus fuga. Molestiae provident id quia quibusdam. Sit ullam sunt aut quam cupiditate ut. Laborum provident enim fugiat asperiores inventore assumenda.</p><p>Eveniet saepe ipsum magnam qui nesciunt. Atque consequatur laboriosam itaque eos doloremque consectetur itaque.</p><p>Corrupti pariatur eum iste dolor tempora amet officia. Quis sed qui maxime quia. Cumque consequatur minima temporibus sed rem. Magnam omnis eum sit sint cum nam necessitatibus.</p><p>Voluptatem distinctio laborum provident alias consequatur recusandae sunt. Dolorum ex est earum enim dolore aut. Quo qui perferendis id ipsum sapiente. Non facere ab aliquid recusandae officia deserunt minima.</p><p>Explicabo quo non autem vitae accusantium pariatur id expedita. Provident odit sit vel dicta consequatur nihil non. Deserunt non amet qui cumque eos voluptatem. Sit praesentium fugit a laudantium consequuntur ad asperiores. Sit praesentium hic rerum molestiae.</p>','https://lorempixel.com/640/480/?10215','2019-05-13 00:22:14',3),
(28,'Consequatur atque est quod fugit vitae.','<p>Ut quaerat ut est ut. Maxime molestias totam recusandae. Vel molestiae voluptatem molestiae eius. Sunt ratione eligendi asperiores magni rerum.</p><p>Corporis reiciendis molestiae numquam eaque ipsa ipsam. Voluptatibus asperiores sit quia consequatur tempora illo. Quod quod ad ut.</p><p>Modi eum rerum excepturi deserunt aut. Sunt doloremque quis iste ut illo.</p><p>Cupiditate perferendis amet porro esse. Voluptatum ad sunt ut quam ullam. Ut distinctio aut laudantium sit excepturi. Odio laborum sit impedit dolore ut vero. Perferendis sunt inventore sunt eveniet quod.</p><p>Excepturi quas vitae aut culpa est est. Aut sapiente accusantium delectus earum qui est. Ipsa soluta magnam at.</p>','https://lorempixel.com/640/480/?10485','2019-08-10 11:00:28',3),
(29,'Error dolor omnis fuga alias unde possimus commodi cumque.','<p>Consectetur adipisci aliquid exercitationem dolorum. Reiciendis cupiditate dolores soluta explicabo ullam dolore delectus inventore. Vel quas perspiciatis unde ea. Mollitia eligendi corrupti et suscipit placeat ratione.</p><p>Fugiat iste similique est sit reprehenderit. Earum sint quae sunt asperiores. A soluta animi aut alias nobis. Dolores corporis aut soluta aut.</p><p>Sint iure quis quam eos sit corrupti. Iste qui molestiae eaque ducimus. Sed tempore consequatur reiciendis possimus.</p><p>Earum quibusdam voluptas non facere quia. Mollitia tenetur et quidem ex non porro voluptatum. Debitis autem beatae quae quae vitae aut provident.</p><p>Minima quibusdam vero temporibus qui sed non. Est vel eos vel sunt et magni rerum deleniti. Eaque facilis unde eveniet aut asperiores.</p>','https://lorempixel.com/640/480/?24763','2019-07-28 11:45:36',3),
(30,'Optio sint in voluptatibus id eos architecto ab.','<p>Autem consequuntur dolores architecto est et et. Ut laudantium repellendus deleniti mollitia commodi sint reprehenderit. Ex commodi ullam dolores. Quidem sed itaque sint et est debitis.</p><p>Eos placeat deserunt ducimus optio voluptatem repellendus in. Excepturi nam inventore et ea. Eaque et possimus quia qui maxime.</p><p>Facilis aliquam adipisci dolor saepe doloribus tempore. Quam id quisquam eos. In eligendi dolorem qui. A quia mollitia eius possimus dolores aut corrupti.</p><p>Placeat aut ipsa vitae excepturi. Placeat maiores aut architecto vel dolor ullam. Quia adipisci in excepturi commodi dicta et.</p><p>Quos error similique natus velit porro. Eos ea consectetur omnis nisi iure. Quaerat nulla labore velit quidem maxime rerum magni.</p>','https://lorempixel.com/640/480/?30690','2019-06-30 05:35:21',3);

/*Table structure for table `category` */

DROP TABLE IF EXISTS `category`;

CREATE TABLE `category` (
  `id` int(11) NOT NULL AUTO_INCREMENT,
  `title` varchar(255) COLLATE utf8mb4_unicode_ci NOT NULL,
  `description` longtext COLLATE utf8mb4_unicode_ci,
  PRIMARY KEY (`id`)
) ENGINE=InnoDB AUTO_INCREMENT=4 DEFAULT CHARSET=utf8mb4 COLLATE=utf8mb4_unicode_ci;

/*Data for the table `category` */

insert  into `category`(`id`,`title`,`description`) values 
(1,'Sit dignissimos eum molestiae eum.','Atque omnis numquam illum impedit molestiae saepe. Aspernatur sunt consequuntur inventore. Distinctio commodi nemo aut culpa illum eos qui quis. Iusto aut magni placeat aspernatur velit laboriosam repellendus sint.'),
(2,'Molestiae nam modi commodi.','Eum inventore laboriosam sequi a aut. Natus fugiat neque reprehenderit tenetur ipsa. Officia placeat animi veritatis in veniam. Rerum et accusantium fugiat in laboriosam.'),
(3,'Atque culpa dolorum voluptatibus est tempora.','Est et nam nesciunt deleniti sunt magnam. Et quas quas ut fugiat porro. Nisi soluta possimus porro cum.');

/*Table structure for table `comment` */

DROP TABLE IF EXISTS `comment`;

CREATE TABLE `comment` (
  `id` int(11) NOT NULL AUTO_INCREMENT,
  `article_id` int(11) NOT NULL,
  `author` varchar(255) COLLATE utf8mb4_unicode_ci NOT NULL,
  `content` longtext COLLATE utf8mb4_unicode_ci NOT NULL,
  `created_at` datetime NOT NULL,
  PRIMARY KEY (`id`),
  KEY `IDX_9474526C7294869C` (`article_id`),
  CONSTRAINT `FK_9474526C7294869C` FOREIGN KEY (`article_id`) REFERENCES `article` (`id`)
) ENGINE=InnoDB AUTO_INCREMENT=259 DEFAULT CHARSET=utf8mb4 COLLATE=utf8mb4_unicode_ci;

/*Data for the table `comment` */

insert  into `comment`(`id`,`article_id`,`author`,`content`,`created_at`) values 
(1,1,'Thibaut Lemaire','<p>Beatae tempore error necessitatibus esse quam similique. Excepturi quae eveniet veritatis aut modi. Aliquid commodi dignissimos facilis molestias incidunt fugiat quaerat. Quia est vel quibusdam tenetur delectus sed nemo perferendis.</p><p>Possimus unde illum quia omnis et. Consequuntur sint perferendis accusamus nemo dolorem. Maxime dicta consequuntur eaque aspernatur dolore aut. Ut autem voluptas eum consequuntur quae commodi voluptatem qui.</p>','2019-10-08 05:56:48'),
(2,1,'Lorraine Le Goff','<p>Beatae tempore error necessitatibus esse quam similique. Excepturi quae eveniet veritatis aut modi. Aliquid commodi dignissimos facilis molestias incidunt fugiat quaerat. Quia est vel quibusdam tenetur delectus sed nemo perferendis.</p><p>Possimus unde illum quia omnis et. Consequuntur sint perferendis accusamus nemo dolorem. Maxime dicta consequuntur eaque aspernatur dolore aut. Ut autem voluptas eum consequuntur quae commodi voluptatem qui.</p>','2019-09-08 02:33:19'),
(3,1,'Suzanne Leblanc-Pineau','<p>Beatae tempore error necessitatibus esse quam similique. Excepturi quae eveniet veritatis aut modi. Aliquid commodi dignissimos facilis molestias incidunt fugiat quaerat. Quia est vel quibusdam tenetur delectus sed nemo perferendis.</p><p>Possimus unde illum quia omnis et. Consequuntur sint perferendis accusamus nemo dolorem. Maxime dicta consequuntur eaque aspernatur dolore aut. Ut autem voluptas eum consequuntur quae commodi voluptatem qui.</p>','2019-08-28 09:27:56'),
(4,1,'Maryse-Geneviève Le Goff','<p>Beatae tempore error necessitatibus esse quam similique. Excepturi quae eveniet veritatis aut modi. Aliquid commodi dignissimos facilis molestias incidunt fugiat quaerat. Quia est vel quibusdam tenetur delectus sed nemo perferendis.</p><p>Possimus unde illum quia omnis et. Consequuntur sint perferendis accusamus nemo dolorem. Maxime dicta consequuntur eaque aspernatur dolore aut. Ut autem voluptas eum consequuntur quae commodi voluptatem qui.</p>','2019-09-17 00:33:41'),
(5,1,'Émile de Pasquier','<p>Beatae tempore error necessitatibus esse quam similique. Excepturi quae eveniet veritatis aut modi. Aliquid commodi dignissimos facilis molestias incidunt fugiat quaerat. Quia est vel quibusdam tenetur delectus sed nemo perferendis.</p><p>Possimus unde illum quia omnis et. Consequuntur sint perferendis accusamus nemo dolorem. Maxime dicta consequuntur eaque aspernatur dolore aut. Ut autem voluptas eum consequuntur quae commodi voluptatem qui.</p>','2019-08-29 21:48:57'),
(6,1,'Agnès-Émilie Jacques','<p>Beatae tempore error necessitatibus esse quam similique. Excepturi quae eveniet veritatis aut modi. Aliquid commodi dignissimos facilis molestias incidunt fugiat quaerat. Quia est vel quibusdam tenetur delectus sed nemo perferendis.</p><p>Possimus unde illum quia omnis et. Consequuntur sint perferendis accusamus nemo dolorem. Maxime dicta consequuntur eaque aspernatur dolore aut. Ut autem voluptas eum consequuntur quae commodi voluptatem qui.</p>','2019-08-02 11:20:55'),
(7,2,'Franck-Gilles Allain','<p>Deleniti earum dolorum sunt totam quos accusantium non cum. Placeat ad repellat a ratione odit repellendus.</p><p>Voluptas necessitatibus voluptatem eaque in. Suscipit corrupti velit aut ipsum id. Consequatur et reiciendis perspiciatis. Accusamus nobis et corrupti laboriosam. Ex et magni praesentium atque.</p>','2019-07-21 21:44:47'),
(8,2,'Thibault Labbe','<p>Deleniti earum dolorum sunt totam quos accusantium non cum. Placeat ad repellat a ratione odit repellendus.</p><p>Voluptas necessitatibus voluptatem eaque in. Suscipit corrupti velit aut ipsum id. Consequatur et reiciendis perspiciatis. Accusamus nobis et corrupti laboriosam. Ex et magni praesentium atque.</p>','2019-10-08 02:02:48'),
(9,2,'Thierry de la Gilbert','<p>Deleniti earum dolorum sunt totam quos accusantium non cum. Placeat ad repellat a ratione odit repellendus.</p><p>Voluptas necessitatibus voluptatem eaque in. Suscipit corrupti velit aut ipsum id. Consequatur et reiciendis perspiciatis. Accusamus nobis et corrupti laboriosam. Ex et magni praesentium atque.</p>','2019-07-19 00:44:41'),
(10,2,'Auguste Le Arnaud','<p>Deleniti earum dolorum sunt totam quos accusantium non cum. Placeat ad repellat a ratione odit repellendus.</p><p>Voluptas necessitatibus voluptatem eaque in. Suscipit corrupti velit aut ipsum id. Consequatur et reiciendis perspiciatis. Accusamus nobis et corrupti laboriosam. Ex et magni praesentium atque.</p>','2019-10-05 18:38:28'),
(11,2,'Nicolas Hebert','<p>Deleniti earum dolorum sunt totam quos accusantium non cum. Placeat ad repellat a ratione odit repellendus.</p><p>Voluptas necessitatibus voluptatem eaque in. Suscipit corrupti velit aut ipsum id. Consequatur et reiciendis perspiciatis. Accusamus nobis et corrupti laboriosam. Ex et magni praesentium atque.</p>','2019-07-24 22:57:16'),
(12,2,'Bernard-Alfred Gilles','<p>Deleniti earum dolorum sunt totam quos accusantium non cum. Placeat ad repellat a ratione odit repellendus.</p><p>Voluptas necessitatibus voluptatem eaque in. Suscipit corrupti velit aut ipsum id. Consequatur et reiciendis perspiciatis. Accusamus nobis et corrupti laboriosam. Ex et magni praesentium atque.</p>','2019-07-16 18:05:42'),
(13,2,'Emmanuelle Le Parent','<p>Deleniti earum dolorum sunt totam quos accusantium non cum. Placeat ad repellat a ratione odit repellendus.</p><p>Voluptas necessitatibus voluptatem eaque in. Suscipit corrupti velit aut ipsum id. Consequatur et reiciendis perspiciatis. Accusamus nobis et corrupti laboriosam. Ex et magni praesentium atque.</p>','2019-09-21 20:53:18'),
(14,3,'André Giraud','<p>Et doloremque nihil non eos explicabo nam veniam. In perspiciatis dolores adipisci aspernatur. Et nihil autem explicabo adipisci corporis excepturi vel necessitatibus. Labore optio sed sunt voluptatem. Consequatur repellat deleniti ea mollitia unde ab.</p><p>At necessitatibus voluptatem soluta exercitationem. Iure architecto possimus doloribus blanditiis dolores in eaque.</p>','2019-10-07 15:14:47'),
(15,3,'Thibault Godard-Camus','<p>Et doloremque nihil non eos explicabo nam veniam. In perspiciatis dolores adipisci aspernatur. Et nihil autem explicabo adipisci corporis excepturi vel necessitatibus. Labore optio sed sunt voluptatem. Consequatur repellat deleniti ea mollitia unde ab.</p><p>At necessitatibus voluptatem soluta exercitationem. Iure architecto possimus doloribus blanditiis dolores in eaque.</p>','2019-10-05 14:53:01'),
(16,3,'Henriette Gonzalez','<p>Et doloremque nihil non eos explicabo nam veniam. In perspiciatis dolores adipisci aspernatur. Et nihil autem explicabo adipisci corporis excepturi vel necessitatibus. Labore optio sed sunt voluptatem. Consequatur repellat deleniti ea mollitia unde ab.</p><p>At necessitatibus voluptatem soluta exercitationem. Iure architecto possimus doloribus blanditiis dolores in eaque.</p>','2019-10-14 11:15:12'),
(17,3,'Alfred Le Descamps','<p>Et doloremque nihil non eos explicabo nam veniam. In perspiciatis dolores adipisci aspernatur. Et nihil autem explicabo adipisci corporis excepturi vel necessitatibus. Labore optio sed sunt voluptatem. Consequatur repellat deleniti ea mollitia unde ab.</p><p>At necessitatibus voluptatem soluta exercitationem. Iure architecto possimus doloribus blanditiis dolores in eaque.</p>','2019-10-01 18:36:22'),
(18,3,'Agnès Brun','<p>Et doloremque nihil non eos explicabo nam veniam. In perspiciatis dolores adipisci aspernatur. Et nihil autem explicabo adipisci corporis excepturi vel necessitatibus. Labore optio sed sunt voluptatem. Consequatur repellat deleniti ea mollitia unde ab.</p><p>At necessitatibus voluptatem soluta exercitationem. Iure architecto possimus doloribus blanditiis dolores in eaque.</p>','2019-10-20 14:00:53'),
(19,3,'Thibault Joly','<p>Et doloremque nihil non eos explicabo nam veniam. In perspiciatis dolores adipisci aspernatur. Et nihil autem explicabo adipisci corporis excepturi vel necessitatibus. Labore optio sed sunt voluptatem. Consequatur repellat deleniti ea mollitia unde ab.</p><p>At necessitatibus voluptatem soluta exercitationem. Iure architecto possimus doloribus blanditiis dolores in eaque.</p>','2019-10-21 18:46:39'),
(20,3,'Roland Garcia','<p>Et doloremque nihil non eos explicabo nam veniam. In perspiciatis dolores adipisci aspernatur. Et nihil autem explicabo adipisci corporis excepturi vel necessitatibus. Labore optio sed sunt voluptatem. Consequatur repellat deleniti ea mollitia unde ab.</p><p>At necessitatibus voluptatem soluta exercitationem. Iure architecto possimus doloribus blanditiis dolores in eaque.</p>','2019-10-20 15:07:33'),
(21,4,'Roger-Timothée Pottier','<p>Delectus aspernatur reiciendis quisquam placeat. Laborum nulla rem quo enim fugiat error. Minima officiis odit voluptatibus eum enim qui.</p><p>Repellendus non occaecati eveniet ratione nulla sunt. Iste qui voluptatum fugit explicabo consequuntur facilis tempore dolores. Dolorum maxime eligendi quidem nihil.</p>','2019-08-09 20:30:31'),
(22,4,'Alexandre Le Thibault','<p>Delectus aspernatur reiciendis quisquam placeat. Laborum nulla rem quo enim fugiat error. Minima officiis odit voluptatibus eum enim qui.</p><p>Repellendus non occaecati eveniet ratione nulla sunt. Iste qui voluptatum fugit explicabo consequuntur facilis tempore dolores. Dolorum maxime eligendi quidem nihil.</p>','2019-06-12 01:47:27'),
(23,4,'Alain Jacob','<p>Delectus aspernatur reiciendis quisquam placeat. Laborum nulla rem quo enim fugiat error. Minima officiis odit voluptatibus eum enim qui.</p><p>Repellendus non occaecati eveniet ratione nulla sunt. Iste qui voluptatum fugit explicabo consequuntur facilis tempore dolores. Dolorum maxime eligendi quidem nihil.</p>','2019-08-10 05:45:25'),
(24,4,'Alfred Lenoir','<p>Delectus aspernatur reiciendis quisquam placeat. Laborum nulla rem quo enim fugiat error. Minima officiis odit voluptatibus eum enim qui.</p><p>Repellendus non occaecati eveniet ratione nulla sunt. Iste qui voluptatum fugit explicabo consequuntur facilis tempore dolores. Dolorum maxime eligendi quidem nihil.</p>','2019-10-10 14:52:31'),
(25,4,'Maryse Gautier-Gilles','<p>Delectus aspernatur reiciendis quisquam placeat. Laborum nulla rem quo enim fugiat error. Minima officiis odit voluptatibus eum enim qui.</p><p>Repellendus non occaecati eveniet ratione nulla sunt. Iste qui voluptatum fugit explicabo consequuntur facilis tempore dolores. Dolorum maxime eligendi quidem nihil.</p>','2019-10-06 06:19:47'),
(26,4,'Maryse Monnier','<p>Delectus aspernatur reiciendis quisquam placeat. Laborum nulla rem quo enim fugiat error. Minima officiis odit voluptatibus eum enim qui.</p><p>Repellendus non occaecati eveniet ratione nulla sunt. Iste qui voluptatum fugit explicabo consequuntur facilis tempore dolores. Dolorum maxime eligendi quidem nihil.</p>','2019-08-15 12:45:31'),
(27,4,'Lorraine Le Noel','<p>Delectus aspernatur reiciendis quisquam placeat. Laborum nulla rem quo enim fugiat error. Minima officiis odit voluptatibus eum enim qui.</p><p>Repellendus non occaecati eveniet ratione nulla sunt. Iste qui voluptatum fugit explicabo consequuntur facilis tempore dolores. Dolorum maxime eligendi quidem nihil.</p>','2019-08-29 16:06:13'),
(28,4,'Isaac Brun','<p>Delectus aspernatur reiciendis quisquam placeat. Laborum nulla rem quo enim fugiat error. Minima officiis odit voluptatibus eum enim qui.</p><p>Repellendus non occaecati eveniet ratione nulla sunt. Iste qui voluptatum fugit explicabo consequuntur facilis tempore dolores. Dolorum maxime eligendi quidem nihil.</p>','2019-09-18 10:48:14'),
(29,5,'Colette-Élodie Godard','<p>Ea in libero velit voluptatem mollitia debitis. Fuga ut molestiae esse inventore. Quas aut blanditiis quia minima quidem. Perferendis voluptas ipsam eum et fugit aperiam dolor.</p><p>Natus nihil odit eius perferendis adipisci impedit omnis. Sunt eos iure vero mollitia. Praesentium aut doloribus at hic autem fuga. Deleniti deleniti voluptates dolor harum dolore placeat perferendis.</p>','2019-08-07 23:03:27'),
(30,5,'Frédérique Charrier','<p>Ea in libero velit voluptatem mollitia debitis. Fuga ut molestiae esse inventore. Quas aut blanditiis quia minima quidem. Perferendis voluptas ipsam eum et fugit aperiam dolor.</p><p>Natus nihil odit eius perferendis adipisci impedit omnis. Sunt eos iure vero mollitia. Praesentium aut doloribus at hic autem fuga. Deleniti deleniti voluptates dolor harum dolore placeat perferendis.</p>','2019-10-23 23:31:02'),
(31,5,'Adrienne Blot','<p>Ea in libero velit voluptatem mollitia debitis. Fuga ut molestiae esse inventore. Quas aut blanditiis quia minima quidem. Perferendis voluptas ipsam eum et fugit aperiam dolor.</p><p>Natus nihil odit eius perferendis adipisci impedit omnis. Sunt eos iure vero mollitia. Praesentium aut doloribus at hic autem fuga. Deleniti deleniti voluptates dolor harum dolore placeat perferendis.</p>','2019-10-20 21:00:18'),
(32,5,'Stéphanie Rousseau','<p>Ea in libero velit voluptatem mollitia debitis. Fuga ut molestiae esse inventore. Quas aut blanditiis quia minima quidem. Perferendis voluptas ipsam eum et fugit aperiam dolor.</p><p>Natus nihil odit eius perferendis adipisci impedit omnis. Sunt eos iure vero mollitia. Praesentium aut doloribus at hic autem fuga. Deleniti deleniti voluptates dolor harum dolore placeat perferendis.</p>','2019-10-23 13:59:19'),
(33,5,'Michel Chauvet','<p>Ea in libero velit voluptatem mollitia debitis. Fuga ut molestiae esse inventore. Quas aut blanditiis quia minima quidem. Perferendis voluptas ipsam eum et fugit aperiam dolor.</p><p>Natus nihil odit eius perferendis adipisci impedit omnis. Sunt eos iure vero mollitia. Praesentium aut doloribus at hic autem fuga. Deleniti deleniti voluptates dolor harum dolore placeat perferendis.</p>','2019-08-28 17:00:56'),
(34,5,'François Daniel','<p>Ea in libero velit voluptatem mollitia debitis. Fuga ut molestiae esse inventore. Quas aut blanditiis quia minima quidem. Perferendis voluptas ipsam eum et fugit aperiam dolor.</p><p>Natus nihil odit eius perferendis adipisci impedit omnis. Sunt eos iure vero mollitia. Praesentium aut doloribus at hic autem fuga. Deleniti deleniti voluptates dolor harum dolore placeat perferendis.</p>','2019-08-29 15:07:51'),
(35,5,'Gabriel Lacroix-Pottier','<p>Ea in libero velit voluptatem mollitia debitis. Fuga ut molestiae esse inventore. Quas aut blanditiis quia minima quidem. Perferendis voluptas ipsam eum et fugit aperiam dolor.</p><p>Natus nihil odit eius perferendis adipisci impedit omnis. Sunt eos iure vero mollitia. Praesentium aut doloribus at hic autem fuga. Deleniti deleniti voluptates dolor harum dolore placeat perferendis.</p>','2019-06-05 20:56:29'),
(36,5,'Jeanne David','<p>Ea in libero velit voluptatem mollitia debitis. Fuga ut molestiae esse inventore. Quas aut blanditiis quia minima quidem. Perferendis voluptas ipsam eum et fugit aperiam dolor.</p><p>Natus nihil odit eius perferendis adipisci impedit omnis. Sunt eos iure vero mollitia. Praesentium aut doloribus at hic autem fuga. Deleniti deleniti voluptates dolor harum dolore placeat perferendis.</p>','2019-07-29 10:01:45'),
(37,5,'François Devaux','<p>Ea in libero velit voluptatem mollitia debitis. Fuga ut molestiae esse inventore. Quas aut blanditiis quia minima quidem. Perferendis voluptas ipsam eum et fugit aperiam dolor.</p><p>Natus nihil odit eius perferendis adipisci impedit omnis. Sunt eos iure vero mollitia. Praesentium aut doloribus at hic autem fuga. Deleniti deleniti voluptates dolor harum dolore placeat perferendis.</p>','2019-07-03 08:03:13'),
(38,5,'Jérôme Renault','<p>Ea in libero velit voluptatem mollitia debitis. Fuga ut molestiae esse inventore. Quas aut blanditiis quia minima quidem. Perferendis voluptas ipsam eum et fugit aperiam dolor.</p><p>Natus nihil odit eius perferendis adipisci impedit omnis. Sunt eos iure vero mollitia. Praesentium aut doloribus at hic autem fuga. Deleniti deleniti voluptates dolor harum dolore placeat perferendis.</p>','2019-06-30 19:11:17'),
(39,5,'Olivier Rocher','<p>Ea in libero velit voluptatem mollitia debitis. Fuga ut molestiae esse inventore. Quas aut blanditiis quia minima quidem. Perferendis voluptas ipsam eum et fugit aperiam dolor.</p><p>Natus nihil odit eius perferendis adipisci impedit omnis. Sunt eos iure vero mollitia. Praesentium aut doloribus at hic autem fuga. Deleniti deleniti voluptates dolor harum dolore placeat perferendis.</p>','2019-06-18 16:19:32'),
(40,6,'Julien Langlois-Barbier','<p>Ut reprehenderit odit quia perspiciatis. Doloribus reiciendis similique perspiciatis non. Dicta rerum nam aspernatur minus quos.</p><p>Autem id aut veritatis dolor itaque numquam ad. Qui in et expedita explicabo ex inventore.</p>','2019-10-23 18:48:42'),
(41,6,'Thérèse Bouchet','<p>Ut reprehenderit odit quia perspiciatis. Doloribus reiciendis similique perspiciatis non. Dicta rerum nam aspernatur minus quos.</p><p>Autem id aut veritatis dolor itaque numquam ad. Qui in et expedita explicabo ex inventore.</p>','2019-10-21 05:39:59'),
(42,6,'Édouard Francois','<p>Ut reprehenderit odit quia perspiciatis. Doloribus reiciendis similique perspiciatis non. Dicta rerum nam aspernatur minus quos.</p><p>Autem id aut veritatis dolor itaque numquam ad. Qui in et expedita explicabo ex inventore.</p>','2019-10-26 17:55:48'),
(43,6,'Odette du Mercier','<p>Ut reprehenderit odit quia perspiciatis. Doloribus reiciendis similique perspiciatis non. Dicta rerum nam aspernatur minus quos.</p><p>Autem id aut veritatis dolor itaque numquam ad. Qui in et expedita explicabo ex inventore.</p>','2019-10-20 15:36:24'),
(44,6,'Valérie Munoz-Chevalier','<p>Ut reprehenderit odit quia perspiciatis. Doloribus reiciendis similique perspiciatis non. Dicta rerum nam aspernatur minus quos.</p><p>Autem id aut veritatis dolor itaque numquam ad. Qui in et expedita explicabo ex inventore.</p>','2019-10-22 22:49:32'),
(45,6,'Victoire Meyer','<p>Ut reprehenderit odit quia perspiciatis. Doloribus reiciendis similique perspiciatis non. Dicta rerum nam aspernatur minus quos.</p><p>Autem id aut veritatis dolor itaque numquam ad. Qui in et expedita explicabo ex inventore.</p>','2019-10-19 21:30:16'),
(46,6,'Théophile Le Joubert','<p>Ut reprehenderit odit quia perspiciatis. Doloribus reiciendis similique perspiciatis non. Dicta rerum nam aspernatur minus quos.</p><p>Autem id aut veritatis dolor itaque numquam ad. Qui in et expedita explicabo ex inventore.</p>','2019-10-22 08:10:20'),
(47,6,'Patricia Valentin','<p>Ut reprehenderit odit quia perspiciatis. Doloribus reiciendis similique perspiciatis non. Dicta rerum nam aspernatur minus quos.</p><p>Autem id aut veritatis dolor itaque numquam ad. Qui in et expedita explicabo ex inventore.</p>','2019-10-25 07:09:00'),
(48,6,'Arthur Meyer','<p>Ut reprehenderit odit quia perspiciatis. Doloribus reiciendis similique perspiciatis non. Dicta rerum nam aspernatur minus quos.</p><p>Autem id aut veritatis dolor itaque numquam ad. Qui in et expedita explicabo ex inventore.</p>','2019-10-25 15:42:57'),
(49,6,'Noémi Schneider-Grenier','<p>Ut reprehenderit odit quia perspiciatis. Doloribus reiciendis similique perspiciatis non. Dicta rerum nam aspernatur minus quos.</p><p>Autem id aut veritatis dolor itaque numquam ad. Qui in et expedita explicabo ex inventore.</p>','2019-10-22 22:24:26'),
(50,7,'Luc-Nicolas Costa','<p>Voluptatum placeat iusto ipsa omnis. Et deserunt voluptatem delectus. Dolores unde voluptatibus quia velit sit ea consequuntur. Sunt odio impedit sunt in esse deleniti.</p><p>Vitae qui reprehenderit ea adipisci iusto qui. Quasi excepturi incidunt suscipit qui. Doloribus quia qui sit cum distinctio sit aut velit.</p>','2019-10-25 19:05:46'),
(51,7,'Frédéric Marques','<p>Voluptatum placeat iusto ipsa omnis. Et deserunt voluptatem delectus. Dolores unde voluptatibus quia velit sit ea consequuntur. Sunt odio impedit sunt in esse deleniti.</p><p>Vitae qui reprehenderit ea adipisci iusto qui. Quasi excepturi incidunt suscipit qui. Doloribus quia qui sit cum distinctio sit aut velit.</p>','2019-10-20 15:37:01'),
(52,7,'Arthur Laurent','<p>Voluptatum placeat iusto ipsa omnis. Et deserunt voluptatem delectus. Dolores unde voluptatibus quia velit sit ea consequuntur. Sunt odio impedit sunt in esse deleniti.</p><p>Vitae qui reprehenderit ea adipisci iusto qui. Quasi excepturi incidunt suscipit qui. Doloribus quia qui sit cum distinctio sit aut velit.</p>','2019-10-26 23:39:57'),
(53,7,'Paulette-Patricia Descamps','<p>Voluptatum placeat iusto ipsa omnis. Et deserunt voluptatem delectus. Dolores unde voluptatibus quia velit sit ea consequuntur. Sunt odio impedit sunt in esse deleniti.</p><p>Vitae qui reprehenderit ea adipisci iusto qui. Quasi excepturi incidunt suscipit qui. Doloribus quia qui sit cum distinctio sit aut velit.</p>','2019-10-13 14:23:52'),
(54,7,'Christophe Cordier','<p>Voluptatum placeat iusto ipsa omnis. Et deserunt voluptatem delectus. Dolores unde voluptatibus quia velit sit ea consequuntur. Sunt odio impedit sunt in esse deleniti.</p><p>Vitae qui reprehenderit ea adipisci iusto qui. Quasi excepturi incidunt suscipit qui. Doloribus quia qui sit cum distinctio sit aut velit.</p>','2019-10-16 19:25:56'),
(55,7,'Lorraine-Noémi Mercier','<p>Voluptatum placeat iusto ipsa omnis. Et deserunt voluptatem delectus. Dolores unde voluptatibus quia velit sit ea consequuntur. Sunt odio impedit sunt in esse deleniti.</p><p>Vitae qui reprehenderit ea adipisci iusto qui. Quasi excepturi incidunt suscipit qui. Doloribus quia qui sit cum distinctio sit aut velit.</p>','2019-10-16 05:22:31'),
(56,7,'Antoine Bourgeois','<p>Voluptatum placeat iusto ipsa omnis. Et deserunt voluptatem delectus. Dolores unde voluptatibus quia velit sit ea consequuntur. Sunt odio impedit sunt in esse deleniti.</p><p>Vitae qui reprehenderit ea adipisci iusto qui. Quasi excepturi incidunt suscipit qui. Doloribus quia qui sit cum distinctio sit aut velit.</p>','2019-10-16 16:18:09'),
(57,7,'Sylvie Roux','<p>Voluptatum placeat iusto ipsa omnis. Et deserunt voluptatem delectus. Dolores unde voluptatibus quia velit sit ea consequuntur. Sunt odio impedit sunt in esse deleniti.</p><p>Vitae qui reprehenderit ea adipisci iusto qui. Quasi excepturi incidunt suscipit qui. Doloribus quia qui sit cum distinctio sit aut velit.</p>','2019-10-27 05:10:30'),
(58,7,'Frédéric Laurent','<p>Voluptatum placeat iusto ipsa omnis. Et deserunt voluptatem delectus. Dolores unde voluptatibus quia velit sit ea consequuntur. Sunt odio impedit sunt in esse deleniti.</p><p>Vitae qui reprehenderit ea adipisci iusto qui. Quasi excepturi incidunt suscipit qui. Doloribus quia qui sit cum distinctio sit aut velit.</p>','2019-10-23 19:41:34'),
(59,7,'Michelle Garnier-Navarro','<p>Voluptatum placeat iusto ipsa omnis. Et deserunt voluptatem delectus. Dolores unde voluptatibus quia velit sit ea consequuntur. Sunt odio impedit sunt in esse deleniti.</p><p>Vitae qui reprehenderit ea adipisci iusto qui. Quasi excepturi incidunt suscipit qui. Doloribus quia qui sit cum distinctio sit aut velit.</p>','2019-10-14 18:05:31'),
(60,8,'Alexandre-Antoine Pierre','<p>Sit et aliquid porro. Delectus accusantium veritatis aliquam harum. Dolores pariatur omnis quasi vel. Sint non consequuntur et sit.</p><p>Et sunt molestiae eligendi. Hic ut amet esse quia velit. Dolor quibusdam voluptates ipsam alias architecto. Nihil aperiam eaque quibusdam sequi sapiente facere.</p>','2019-10-28 05:07:07'),
(61,8,'Brigitte-Antoinette Imbert','<p>Sit et aliquid porro. Delectus accusantium veritatis aliquam harum. Dolores pariatur omnis quasi vel. Sint non consequuntur et sit.</p><p>Et sunt molestiae eligendi. Hic ut amet esse quia velit. Dolor quibusdam voluptates ipsam alias architecto. Nihil aperiam eaque quibusdam sequi sapiente facere.</p>','2019-10-27 23:47:55'),
(62,8,'Marie Petit-Chartier','<p>Sit et aliquid porro. Delectus accusantium veritatis aliquam harum. Dolores pariatur omnis quasi vel. Sint non consequuntur et sit.</p><p>Et sunt molestiae eligendi. Hic ut amet esse quia velit. Dolor quibusdam voluptates ipsam alias architecto. Nihil aperiam eaque quibusdam sequi sapiente facere.</p>','2019-10-27 16:49:16'),
(63,8,'Inès Thierry','<p>Sit et aliquid porro. Delectus accusantium veritatis aliquam harum. Dolores pariatur omnis quasi vel. Sint non consequuntur et sit.</p><p>Et sunt molestiae eligendi. Hic ut amet esse quia velit. Dolor quibusdam voluptates ipsam alias architecto. Nihil aperiam eaque quibusdam sequi sapiente facere.</p>','2019-10-28 05:37:52'),
(64,8,'Zacharie-Charles Daniel','<p>Sit et aliquid porro. Delectus accusantium veritatis aliquam harum. Dolores pariatur omnis quasi vel. Sint non consequuntur et sit.</p><p>Et sunt molestiae eligendi. Hic ut amet esse quia velit. Dolor quibusdam voluptates ipsam alias architecto. Nihil aperiam eaque quibusdam sequi sapiente facere.</p>','2019-10-28 04:38:22'),
(65,8,'Marie Diallo','<p>Sit et aliquid porro. Delectus accusantium veritatis aliquam harum. Dolores pariatur omnis quasi vel. Sint non consequuntur et sit.</p><p>Et sunt molestiae eligendi. Hic ut amet esse quia velit. Dolor quibusdam voluptates ipsam alias architecto. Nihil aperiam eaque quibusdam sequi sapiente facere.</p>','2019-10-27 08:38:34'),
(66,8,'Martin Raynaud','<p>Sit et aliquid porro. Delectus accusantium veritatis aliquam harum. Dolores pariatur omnis quasi vel. Sint non consequuntur et sit.</p><p>Et sunt molestiae eligendi. Hic ut amet esse quia velit. Dolor quibusdam voluptates ipsam alias architecto. Nihil aperiam eaque quibusdam sequi sapiente facere.</p>','2019-10-28 06:09:19'),
(67,8,'Théodore Gay-Munoz','<p>Sit et aliquid porro. Delectus accusantium veritatis aliquam harum. Dolores pariatur omnis quasi vel. Sint non consequuntur et sit.</p><p>Et sunt molestiae eligendi. Hic ut amet esse quia velit. Dolor quibusdam voluptates ipsam alias architecto. Nihil aperiam eaque quibusdam sequi sapiente facere.</p>','2019-10-27 12:41:41'),
(68,8,'Zoé Bertrand','<p>Sit et aliquid porro. Delectus accusantium veritatis aliquam harum. Dolores pariatur omnis quasi vel. Sint non consequuntur et sit.</p><p>Et sunt molestiae eligendi. Hic ut amet esse quia velit. Dolor quibusdam voluptates ipsam alias architecto. Nihil aperiam eaque quibusdam sequi sapiente facere.</p>','2019-10-27 20:36:04'),
(69,8,'Isabelle Daniel','<p>Sit et aliquid porro. Delectus accusantium veritatis aliquam harum. Dolores pariatur omnis quasi vel. Sint non consequuntur et sit.</p><p>Et sunt molestiae eligendi. Hic ut amet esse quia velit. Dolor quibusdam voluptates ipsam alias architecto. Nihil aperiam eaque quibusdam sequi sapiente facere.</p>','2019-10-27 10:21:54'),
(70,9,'Margaux Lucas','<p>Eos architecto placeat dolores eum quidem. Debitis sunt repudiandae eaque nostrum. Ut voluptas neque repellat architecto et eaque.</p><p>Est ea sunt quis incidunt qui fugit ad. Voluptas blanditiis illum similique laudantium eos ratione et. Non eius nobis doloribus. Quae autem quo at voluptatem. Quibusdam et quia quis eos sed quia.</p>','2019-08-09 18:04:09'),
(71,9,'Bertrand Couturier','<p>Eos architecto placeat dolores eum quidem. Debitis sunt repudiandae eaque nostrum. Ut voluptas neque repellat architecto et eaque.</p><p>Est ea sunt quis incidunt qui fugit ad. Voluptas blanditiis illum similique laudantium eos ratione et. Non eius nobis doloribus. Quae autem quo at voluptatem. Quibusdam et quia quis eos sed quia.</p>','2019-09-14 18:28:35'),
(72,9,'Adrienne Moreau','<p>Eos architecto placeat dolores eum quidem. Debitis sunt repudiandae eaque nostrum. Ut voluptas neque repellat architecto et eaque.</p><p>Est ea sunt quis incidunt qui fugit ad. Voluptas blanditiis illum similique laudantium eos ratione et. Non eius nobis doloribus. Quae autem quo at voluptatem. Quibusdam et quia quis eos sed quia.</p>','2019-10-13 14:54:19'),
(73,9,'Marianne Vincent','<p>Eos architecto placeat dolores eum quidem. Debitis sunt repudiandae eaque nostrum. Ut voluptas neque repellat architecto et eaque.</p><p>Est ea sunt quis incidunt qui fugit ad. Voluptas blanditiis illum similique laudantium eos ratione et. Non eius nobis doloribus. Quae autem quo at voluptatem. Quibusdam et quia quis eos sed quia.</p>','2019-09-11 12:24:47'),
(74,9,'Bernard Grondin','<p>Eos architecto placeat dolores eum quidem. Debitis sunt repudiandae eaque nostrum. Ut voluptas neque repellat architecto et eaque.</p><p>Est ea sunt quis incidunt qui fugit ad. Voluptas blanditiis illum similique laudantium eos ratione et. Non eius nobis doloribus. Quae autem quo at voluptatem. Quibusdam et quia quis eos sed quia.</p>','2019-09-27 16:22:00'),
(75,10,'Antoinette Cohen','<p>Suscipit harum enim quam. Molestiae qui qui voluptatem porro et praesentium est. Molestiae eius nam est quasi. Labore enim corrupti culpa.</p><p>Est nemo fugit non aut. Dolores et vel eos dolor cum sit. Facilis suscipit dolor praesentium quam debitis laudantium ipsum. Corrupti quo voluptas rerum qui.</p>','2019-09-13 13:00:11'),
(76,10,'Frédéric-Grégoire Riou','<p>Suscipit harum enim quam. Molestiae qui qui voluptatem porro et praesentium est. Molestiae eius nam est quasi. Labore enim corrupti culpa.</p><p>Est nemo fugit non aut. Dolores et vel eos dolor cum sit. Facilis suscipit dolor praesentium quam debitis laudantium ipsum. Corrupti quo voluptas rerum qui.</p>','2019-09-05 20:10:32'),
(77,10,'Victoire Lemoine','<p>Suscipit harum enim quam. Molestiae qui qui voluptatem porro et praesentium est. Molestiae eius nam est quasi. Labore enim corrupti culpa.</p><p>Est nemo fugit non aut. Dolores et vel eos dolor cum sit. Facilis suscipit dolor praesentium quam debitis laudantium ipsum. Corrupti quo voluptas rerum qui.</p>','2019-10-15 18:19:41'),
(78,10,'Michel-Alphonse Aubry','<p>Suscipit harum enim quam. Molestiae qui qui voluptatem porro et praesentium est. Molestiae eius nam est quasi. Labore enim corrupti culpa.</p><p>Est nemo fugit non aut. Dolores et vel eos dolor cum sit. Facilis suscipit dolor praesentium quam debitis laudantium ipsum. Corrupti quo voluptas rerum qui.</p>','2019-10-12 18:38:24'),
(79,10,'Camille Marechal','<p>Suscipit harum enim quam. Molestiae qui qui voluptatem porro et praesentium est. Molestiae eius nam est quasi. Labore enim corrupti culpa.</p><p>Est nemo fugit non aut. Dolores et vel eos dolor cum sit. Facilis suscipit dolor praesentium quam debitis laudantium ipsum. Corrupti quo voluptas rerum qui.</p>','2019-08-24 02:13:50'),
(80,10,'Nathalie-Nath Ledoux','<p>Suscipit harum enim quam. Molestiae qui qui voluptatem porro et praesentium est. Molestiae eius nam est quasi. Labore enim corrupti culpa.</p><p>Est nemo fugit non aut. Dolores et vel eos dolor cum sit. Facilis suscipit dolor praesentium quam debitis laudantium ipsum. Corrupti quo voluptas rerum qui.</p>','2019-10-02 05:25:43'),
(81,10,'Sébastien Maillard','<p>Suscipit harum enim quam. Molestiae qui qui voluptatem porro et praesentium est. Molestiae eius nam est quasi. Labore enim corrupti culpa.</p><p>Est nemo fugit non aut. Dolores et vel eos dolor cum sit. Facilis suscipit dolor praesentium quam debitis laudantium ipsum. Corrupti quo voluptas rerum qui.</p>','2019-09-03 02:31:01'),
(82,10,'Susan Le Martin','<p>Suscipit harum enim quam. Molestiae qui qui voluptatem porro et praesentium est. Molestiae eius nam est quasi. Labore enim corrupti culpa.</p><p>Est nemo fugit non aut. Dolores et vel eos dolor cum sit. Facilis suscipit dolor praesentium quam debitis laudantium ipsum. Corrupti quo voluptas rerum qui.</p>','2019-10-08 03:21:16'),
(83,10,'Laurence Voisin','<p>Suscipit harum enim quam. Molestiae qui qui voluptatem porro et praesentium est. Molestiae eius nam est quasi. Labore enim corrupti culpa.</p><p>Est nemo fugit non aut. Dolores et vel eos dolor cum sit. Facilis suscipit dolor praesentium quam debitis laudantium ipsum. Corrupti quo voluptas rerum qui.</p>','2019-09-01 09:27:47'),
(84,11,'Juliette-Lucie Dupont','<p>Sed iusto harum maxime eius quia repellendus. Ut voluptate quaerat occaecati dolor. Beatae hic aliquid perspiciatis et dicta.</p><p>Veniam autem suscipit quo. Autem fugit debitis culpa maiores corporis rem omnis.</p>','2019-08-17 07:50:01'),
(85,11,'Sylvie Brun','<p>Sed iusto harum maxime eius quia repellendus. Ut voluptate quaerat occaecati dolor. Beatae hic aliquid perspiciatis et dicta.</p><p>Veniam autem suscipit quo. Autem fugit debitis culpa maiores corporis rem omnis.</p>','2019-08-19 07:00:56'),
(86,11,'Stéphane Richard-Andre','<p>Sed iusto harum maxime eius quia repellendus. Ut voluptate quaerat occaecati dolor. Beatae hic aliquid perspiciatis et dicta.</p><p>Veniam autem suscipit quo. Autem fugit debitis culpa maiores corporis rem omnis.</p>','2019-08-30 21:55:11'),
(87,11,'Inès Charles-Delannoy','<p>Sed iusto harum maxime eius quia repellendus. Ut voluptate quaerat occaecati dolor. Beatae hic aliquid perspiciatis et dicta.</p><p>Veniam autem suscipit quo. Autem fugit debitis culpa maiores corporis rem omnis.</p>','2019-09-04 22:46:10'),
(88,11,'Michelle Texier','<p>Sed iusto harum maxime eius quia repellendus. Ut voluptate quaerat occaecati dolor. Beatae hic aliquid perspiciatis et dicta.</p><p>Veniam autem suscipit quo. Autem fugit debitis culpa maiores corporis rem omnis.</p>','2019-09-20 02:32:14'),
(89,11,'Jacqueline Michaud','<p>Sed iusto harum maxime eius quia repellendus. Ut voluptate quaerat occaecati dolor. Beatae hic aliquid perspiciatis et dicta.</p><p>Veniam autem suscipit quo. Autem fugit debitis culpa maiores corporis rem omnis.</p>','2019-10-17 19:02:13'),
(90,11,'Laetitia Riou','<p>Sed iusto harum maxime eius quia repellendus. Ut voluptate quaerat occaecati dolor. Beatae hic aliquid perspiciatis et dicta.</p><p>Veniam autem suscipit quo. Autem fugit debitis culpa maiores corporis rem omnis.</p>','2019-09-11 22:18:33'),
(91,11,'Gérard Julien','<p>Sed iusto harum maxime eius quia repellendus. Ut voluptate quaerat occaecati dolor. Beatae hic aliquid perspiciatis et dicta.</p><p>Veniam autem suscipit quo. Autem fugit debitis culpa maiores corporis rem omnis.</p>','2019-09-26 18:06:22'),
(92,11,'Marianne Mallet','<p>Sed iusto harum maxime eius quia repellendus. Ut voluptate quaerat occaecati dolor. Beatae hic aliquid perspiciatis et dicta.</p><p>Veniam autem suscipit quo. Autem fugit debitis culpa maiores corporis rem omnis.</p>','2019-10-19 01:29:40'),
(93,11,'Susan Alves','<p>Sed iusto harum maxime eius quia repellendus. Ut voluptate quaerat occaecati dolor. Beatae hic aliquid perspiciatis et dicta.</p><p>Veniam autem suscipit quo. Autem fugit debitis culpa maiores corporis rem omnis.</p>','2019-09-11 04:53:43'),
(94,12,'Clémence Gaudin','<p>Veritatis quibusdam et et sunt. Consequatur aperiam aut et eveniet. Libero doloribus itaque sed reprehenderit pariatur.</p><p>Nisi aut delectus quia officia in ratione esse. Eius aut nulla quia iste. Nihil minima saepe id eius.</p>','2019-09-05 09:46:29'),
(95,12,'Bertrand-René Faure','<p>Veritatis quibusdam et et sunt. Consequatur aperiam aut et eveniet. Libero doloribus itaque sed reprehenderit pariatur.</p><p>Nisi aut delectus quia officia in ratione esse. Eius aut nulla quia iste. Nihil minima saepe id eius.</p>','2019-10-25 14:00:38'),
(96,12,'Michelle Duhamel','<p>Veritatis quibusdam et et sunt. Consequatur aperiam aut et eveniet. Libero doloribus itaque sed reprehenderit pariatur.</p><p>Nisi aut delectus quia officia in ratione esse. Eius aut nulla quia iste. Nihil minima saepe id eius.</p>','2019-09-20 23:54:17'),
(97,12,'Geneviève-Dominique Loiseau','<p>Veritatis quibusdam et et sunt. Consequatur aperiam aut et eveniet. Libero doloribus itaque sed reprehenderit pariatur.</p><p>Nisi aut delectus quia officia in ratione esse. Eius aut nulla quia iste. Nihil minima saepe id eius.</p>','2019-10-26 05:40:32'),
(98,12,'Gérard Baudry','<p>Veritatis quibusdam et et sunt. Consequatur aperiam aut et eveniet. Libero doloribus itaque sed reprehenderit pariatur.</p><p>Nisi aut delectus quia officia in ratione esse. Eius aut nulla quia iste. Nihil minima saepe id eius.</p>','2019-09-15 16:33:15'),
(99,12,'Christiane Prevost','<p>Veritatis quibusdam et et sunt. Consequatur aperiam aut et eveniet. Libero doloribus itaque sed reprehenderit pariatur.</p><p>Nisi aut delectus quia officia in ratione esse. Eius aut nulla quia iste. Nihil minima saepe id eius.</p>','2019-09-25 03:52:53'),
(100,12,'Christiane-Charlotte Martinez','<p>Veritatis quibusdam et et sunt. Consequatur aperiam aut et eveniet. Libero doloribus itaque sed reprehenderit pariatur.</p><p>Nisi aut delectus quia officia in ratione esse. Eius aut nulla quia iste. Nihil minima saepe id eius.</p>','2019-09-28 12:54:34'),
(101,12,'Anouk de Payet','<p>Veritatis quibusdam et et sunt. Consequatur aperiam aut et eveniet. Libero doloribus itaque sed reprehenderit pariatur.</p><p>Nisi aut delectus quia officia in ratione esse. Eius aut nulla quia iste. Nihil minima saepe id eius.</p>','2019-09-19 22:49:51'),
(102,12,'Alphonse-Éric Benoit','<p>Veritatis quibusdam et et sunt. Consequatur aperiam aut et eveniet. Libero doloribus itaque sed reprehenderit pariatur.</p><p>Nisi aut delectus quia officia in ratione esse. Eius aut nulla quia iste. Nihil minima saepe id eius.</p>','2019-09-03 08:37:22'),
(103,13,'Martin du Perrier','<p>Odit qui eligendi nisi est quia. Assumenda voluptates perferendis perferendis debitis adipisci aliquid. Quod est eveniet quas sit necessitatibus.</p><p>Asperiores rerum vel eveniet ad quia. Sunt porro voluptatem earum voluptas. Ea laborum quo dolore praesentium et delectus.</p>','2019-09-03 02:08:56'),
(104,13,'Aimé du Langlois','<p>Odit qui eligendi nisi est quia. Assumenda voluptates perferendis perferendis debitis adipisci aliquid. Quod est eveniet quas sit necessitatibus.</p><p>Asperiores rerum vel eveniet ad quia. Sunt porro voluptatem earum voluptas. Ea laborum quo dolore praesentium et delectus.</p>','2019-07-18 19:32:47'),
(105,13,'Frédérique du Launay','<p>Odit qui eligendi nisi est quia. Assumenda voluptates perferendis perferendis debitis adipisci aliquid. Quod est eveniet quas sit necessitatibus.</p><p>Asperiores rerum vel eveniet ad quia. Sunt porro voluptatem earum voluptas. Ea laborum quo dolore praesentium et delectus.</p>','2019-09-24 08:41:32'),
(106,13,'Margot Bernier-Sanchez','<p>Odit qui eligendi nisi est quia. Assumenda voluptates perferendis perferendis debitis adipisci aliquid. Quod est eveniet quas sit necessitatibus.</p><p>Asperiores rerum vel eveniet ad quia. Sunt porro voluptatem earum voluptas. Ea laborum quo dolore praesentium et delectus.</p>','2019-10-03 14:31:05'),
(107,13,'Stéphane Antoine','<p>Odit qui eligendi nisi est quia. Assumenda voluptates perferendis perferendis debitis adipisci aliquid. Quod est eveniet quas sit necessitatibus.</p><p>Asperiores rerum vel eveniet ad quia. Sunt porro voluptatem earum voluptas. Ea laborum quo dolore praesentium et delectus.</p>','2019-06-16 09:14:09'),
(108,13,'Laurent Humbert','<p>Odit qui eligendi nisi est quia. Assumenda voluptates perferendis perferendis debitis adipisci aliquid. Quod est eveniet quas sit necessitatibus.</p><p>Asperiores rerum vel eveniet ad quia. Sunt porro voluptatem earum voluptas. Ea laborum quo dolore praesentium et delectus.</p>','2019-09-05 04:23:39'),
(109,14,'Victor Weiss','<p>In cum eligendi et. A cupiditate qui quos et consequatur ipsa labore voluptatem. Expedita sed reiciendis possimus enim.</p><p>Modi et reprehenderit mollitia quis odit beatae. Quo dolore unde nemo animi. Tenetur laboriosam recusandae non ut id consectetur ea placeat. Quisquam non ullam aspernatur aut in maxime omnis.</p>','2019-09-10 10:22:00'),
(110,14,'Émile-Honoré Clement','<p>In cum eligendi et. A cupiditate qui quos et consequatur ipsa labore voluptatem. Expedita sed reiciendis possimus enim.</p><p>Modi et reprehenderit mollitia quis odit beatae. Quo dolore unde nemo animi. Tenetur laboriosam recusandae non ut id consectetur ea placeat. Quisquam non ullam aspernatur aut in maxime omnis.</p>','2019-09-20 15:48:56'),
(111,14,'Catherine Le Wagner','<p>In cum eligendi et. A cupiditate qui quos et consequatur ipsa labore voluptatem. Expedita sed reiciendis possimus enim.</p><p>Modi et reprehenderit mollitia quis odit beatae. Quo dolore unde nemo animi. Tenetur laboriosam recusandae non ut id consectetur ea placeat. Quisquam non ullam aspernatur aut in maxime omnis.</p>','2019-09-30 11:29:01'),
(112,14,'Joséphine Rousseau-Collin','<p>In cum eligendi et. A cupiditate qui quos et consequatur ipsa labore voluptatem. Expedita sed reiciendis possimus enim.</p><p>Modi et reprehenderit mollitia quis odit beatae. Quo dolore unde nemo animi. Tenetur laboriosam recusandae non ut id consectetur ea placeat. Quisquam non ullam aspernatur aut in maxime omnis.</p>','2019-05-22 02:12:50'),
(113,14,'Marie Vallee','<p>In cum eligendi et. A cupiditate qui quos et consequatur ipsa labore voluptatem. Expedita sed reiciendis possimus enim.</p><p>Modi et reprehenderit mollitia quis odit beatae. Quo dolore unde nemo animi. Tenetur laboriosam recusandae non ut id consectetur ea placeat. Quisquam non ullam aspernatur aut in maxime omnis.</p>','2019-09-24 03:03:18'),
(114,14,'Rémy Leduc','<p>In cum eligendi et. A cupiditate qui quos et consequatur ipsa labore voluptatem. Expedita sed reiciendis possimus enim.</p><p>Modi et reprehenderit mollitia quis odit beatae. Quo dolore unde nemo animi. Tenetur laboriosam recusandae non ut id consectetur ea placeat. Quisquam non ullam aspernatur aut in maxime omnis.</p>','2019-06-09 12:13:06'),
(115,14,'Aimée Lucas-Pichon','<p>In cum eligendi et. A cupiditate qui quos et consequatur ipsa labore voluptatem. Expedita sed reiciendis possimus enim.</p><p>Modi et reprehenderit mollitia quis odit beatae. Quo dolore unde nemo animi. Tenetur laboriosam recusandae non ut id consectetur ea placeat. Quisquam non ullam aspernatur aut in maxime omnis.</p>','2019-10-21 00:22:49'),
(116,14,'Gilbert de la Perez','<p>In cum eligendi et. A cupiditate qui quos et consequatur ipsa labore voluptatem. Expedita sed reiciendis possimus enim.</p><p>Modi et reprehenderit mollitia quis odit beatae. Quo dolore unde nemo animi. Tenetur laboriosam recusandae non ut id consectetur ea placeat. Quisquam non ullam aspernatur aut in maxime omnis.</p>','2019-07-14 03:08:16'),
(117,14,'William Louis-Delannoy','<p>In cum eligendi et. A cupiditate qui quos et consequatur ipsa labore voluptatem. Expedita sed reiciendis possimus enim.</p><p>Modi et reprehenderit mollitia quis odit beatae. Quo dolore unde nemo animi. Tenetur laboriosam recusandae non ut id consectetur ea placeat. Quisquam non ullam aspernatur aut in maxime omnis.</p>','2019-09-12 15:09:56'),
(118,14,'Margaret de Blot','<p>In cum eligendi et. A cupiditate qui quos et consequatur ipsa labore voluptatem. Expedita sed reiciendis possimus enim.</p><p>Modi et reprehenderit mollitia quis odit beatae. Quo dolore unde nemo animi. Tenetur laboriosam recusandae non ut id consectetur ea placeat. Quisquam non ullam aspernatur aut in maxime omnis.</p>','2019-09-11 02:05:29'),
(119,15,'André Bailly','<p>Saepe cum sit cumque sit. Tenetur illum voluptas facere nostrum reprehenderit eius. Ipsum sit dolores laboriosam consequuntur. Rem ea illo debitis dolores quos velit.</p><p>Sunt nesciunt expedita assumenda. Error perferendis voluptatum nulla perspiciatis voluptatem praesentium consequuntur et. Optio quis dolorum qui. Ducimus beatae et reprehenderit magni laboriosam eos.</p>','2019-08-14 08:57:30'),
(120,15,'Aimée Vallet','<p>Saepe cum sit cumque sit. Tenetur illum voluptas facere nostrum reprehenderit eius. Ipsum sit dolores laboriosam consequuntur. Rem ea illo debitis dolores quos velit.</p><p>Sunt nesciunt expedita assumenda. Error perferendis voluptatum nulla perspiciatis voluptatem praesentium consequuntur et. Optio quis dolorum qui. Ducimus beatae et reprehenderit magni laboriosam eos.</p>','2019-09-26 12:05:10'),
(121,15,'Jérôme Dijoux','<p>Saepe cum sit cumque sit. Tenetur illum voluptas facere nostrum reprehenderit eius. Ipsum sit dolores laboriosam consequuntur. Rem ea illo debitis dolores quos velit.</p><p>Sunt nesciunt expedita assumenda. Error perferendis voluptatum nulla perspiciatis voluptatem praesentium consequuntur et. Optio quis dolorum qui. Ducimus beatae et reprehenderit magni laboriosam eos.</p>','2019-06-23 04:36:23'),
(122,15,'Thérèse Ledoux','<p>Saepe cum sit cumque sit. Tenetur illum voluptas facere nostrum reprehenderit eius. Ipsum sit dolores laboriosam consequuntur. Rem ea illo debitis dolores quos velit.</p><p>Sunt nesciunt expedita assumenda. Error perferendis voluptatum nulla perspiciatis voluptatem praesentium consequuntur et. Optio quis dolorum qui. Ducimus beatae et reprehenderit magni laboriosam eos.</p>','2019-07-19 04:50:36'),
(123,15,'Nicole Pichon','<p>Saepe cum sit cumque sit. Tenetur illum voluptas facere nostrum reprehenderit eius. Ipsum sit dolores laboriosam consequuntur. Rem ea illo debitis dolores quos velit.</p><p>Sunt nesciunt expedita assumenda. Error perferendis voluptatum nulla perspiciatis voluptatem praesentium consequuntur et. Optio quis dolorum qui. Ducimus beatae et reprehenderit magni laboriosam eos.</p>','2019-07-23 16:14:46'),
(124,15,'Arthur Godard','<p>Saepe cum sit cumque sit. Tenetur illum voluptas facere nostrum reprehenderit eius. Ipsum sit dolores laboriosam consequuntur. Rem ea illo debitis dolores quos velit.</p><p>Sunt nesciunt expedita assumenda. Error perferendis voluptatum nulla perspiciatis voluptatem praesentium consequuntur et. Optio quis dolorum qui. Ducimus beatae et reprehenderit magni laboriosam eos.</p>','2019-08-19 21:30:46'),
(125,15,'Henriette Allard-Pierre','<p>Saepe cum sit cumque sit. Tenetur illum voluptas facere nostrum reprehenderit eius. Ipsum sit dolores laboriosam consequuntur. Rem ea illo debitis dolores quos velit.</p><p>Sunt nesciunt expedita assumenda. Error perferendis voluptatum nulla perspiciatis voluptatem praesentium consequuntur et. Optio quis dolorum qui. Ducimus beatae et reprehenderit magni laboriosam eos.</p>','2019-05-10 00:13:32'),
(126,15,'Astrid Coste','<p>Saepe cum sit cumque sit. Tenetur illum voluptas facere nostrum reprehenderit eius. Ipsum sit dolores laboriosam consequuntur. Rem ea illo debitis dolores quos velit.</p><p>Sunt nesciunt expedita assumenda. Error perferendis voluptatum nulla perspiciatis voluptatem praesentium consequuntur et. Optio quis dolorum qui. Ducimus beatae et reprehenderit magni laboriosam eos.</p>','2019-07-01 12:57:06'),
(127,15,'Océane Renard-Fontaine','<p>Saepe cum sit cumque sit. Tenetur illum voluptas facere nostrum reprehenderit eius. Ipsum sit dolores laboriosam consequuntur. Rem ea illo debitis dolores quos velit.</p><p>Sunt nesciunt expedita assumenda. Error perferendis voluptatum nulla perspiciatis voluptatem praesentium consequuntur et. Optio quis dolorum qui. Ducimus beatae et reprehenderit magni laboriosam eos.</p>','2019-08-14 14:31:57'),
(128,15,'Camille-Frédérique Lenoir','<p>Saepe cum sit cumque sit. Tenetur illum voluptas facere nostrum reprehenderit eius. Ipsum sit dolores laboriosam consequuntur. Rem ea illo debitis dolores quos velit.</p><p>Sunt nesciunt expedita assumenda. Error perferendis voluptatum nulla perspiciatis voluptatem praesentium consequuntur et. Optio quis dolorum qui. Ducimus beatae et reprehenderit magni laboriosam eos.</p>','2019-07-21 11:16:17'),
(129,15,'Chantal de la Gay','<p>Saepe cum sit cumque sit. Tenetur illum voluptas facere nostrum reprehenderit eius. Ipsum sit dolores laboriosam consequuntur. Rem ea illo debitis dolores quos velit.</p><p>Sunt nesciunt expedita assumenda. Error perferendis voluptatum nulla perspiciatis voluptatem praesentium consequuntur et. Optio quis dolorum qui. Ducimus beatae et reprehenderit magni laboriosam eos.</p>','2019-10-20 04:21:46'),
(130,16,'Aimé de la Guillaume','<p>Iure sunt est ipsa officiis. Architecto dolorem eum rerum minus quaerat quis. Voluptas excepturi reprehenderit dolorem omnis. Velit enim a in.</p><p>Illo odio itaque amet magni consequatur. Ex saepe omnis officia facilis ipsam odit et nihil. Accusamus sint assumenda adipisci earum et accusantium.</p>','2019-07-11 20:10:04'),
(131,16,'Alix Bernard','<p>Iure sunt est ipsa officiis. Architecto dolorem eum rerum minus quaerat quis. Voluptas excepturi reprehenderit dolorem omnis. Velit enim a in.</p><p>Illo odio itaque amet magni consequatur. Ex saepe omnis officia facilis ipsam odit et nihil. Accusamus sint assumenda adipisci earum et accusantium.</p>','2019-09-17 17:41:37'),
(132,16,'Chantal Lelievre','<p>Iure sunt est ipsa officiis. Architecto dolorem eum rerum minus quaerat quis. Voluptas excepturi reprehenderit dolorem omnis. Velit enim a in.</p><p>Illo odio itaque amet magni consequatur. Ex saepe omnis officia facilis ipsam odit et nihil. Accusamus sint assumenda adipisci earum et accusantium.</p>','2019-10-22 19:10:29'),
(133,16,'Brigitte Chauveau','<p>Iure sunt est ipsa officiis. Architecto dolorem eum rerum minus quaerat quis. Voluptas excepturi reprehenderit dolorem omnis. Velit enim a in.</p><p>Illo odio itaque amet magni consequatur. Ex saepe omnis officia facilis ipsam odit et nihil. Accusamus sint assumenda adipisci earum et accusantium.</p>','2019-07-06 04:11:26'),
(134,16,'Thibault Francois','<p>Iure sunt est ipsa officiis. Architecto dolorem eum rerum minus quaerat quis. Voluptas excepturi reprehenderit dolorem omnis. Velit enim a in.</p><p>Illo odio itaque amet magni consequatur. Ex saepe omnis officia facilis ipsam odit et nihil. Accusamus sint assumenda adipisci earum et accusantium.</p>','2019-09-04 20:07:08'),
(135,16,'Christelle Duval-Louis','<p>Iure sunt est ipsa officiis. Architecto dolorem eum rerum minus quaerat quis. Voluptas excepturi reprehenderit dolorem omnis. Velit enim a in.</p><p>Illo odio itaque amet magni consequatur. Ex saepe omnis officia facilis ipsam odit et nihil. Accusamus sint assumenda adipisci earum et accusantium.</p>','2019-09-14 15:46:36'),
(136,16,'Josette Le Boyer','<p>Iure sunt est ipsa officiis. Architecto dolorem eum rerum minus quaerat quis. Voluptas excepturi reprehenderit dolorem omnis. Velit enim a in.</p><p>Illo odio itaque amet magni consequatur. Ex saepe omnis officia facilis ipsam odit et nihil. Accusamus sint assumenda adipisci earum et accusantium.</p>','2019-09-03 04:11:57'),
(137,16,'Grégoire Bourgeois','<p>Iure sunt est ipsa officiis. Architecto dolorem eum rerum minus quaerat quis. Voluptas excepturi reprehenderit dolorem omnis. Velit enim a in.</p><p>Illo odio itaque amet magni consequatur. Ex saepe omnis officia facilis ipsam odit et nihil. Accusamus sint assumenda adipisci earum et accusantium.</p>','2019-09-02 04:19:20'),
(138,16,'Jules Leconte','<p>Iure sunt est ipsa officiis. Architecto dolorem eum rerum minus quaerat quis. Voluptas excepturi reprehenderit dolorem omnis. Velit enim a in.</p><p>Illo odio itaque amet magni consequatur. Ex saepe omnis officia facilis ipsam odit et nihil. Accusamus sint assumenda adipisci earum et accusantium.</p>','2019-07-30 19:04:45'),
(139,16,'Olivie Leduc','<p>Iure sunt est ipsa officiis. Architecto dolorem eum rerum minus quaerat quis. Voluptas excepturi reprehenderit dolorem omnis. Velit enim a in.</p><p>Illo odio itaque amet magni consequatur. Ex saepe omnis officia facilis ipsam odit et nihil. Accusamus sint assumenda adipisci earum et accusantium.</p>','2019-09-20 00:51:16'),
(140,16,'Astrid Besnard','<p>Iure sunt est ipsa officiis. Architecto dolorem eum rerum minus quaerat quis. Voluptas excepturi reprehenderit dolorem omnis. Velit enim a in.</p><p>Illo odio itaque amet magni consequatur. Ex saepe omnis officia facilis ipsam odit et nihil. Accusamus sint assumenda adipisci earum et accusantium.</p>','2019-08-28 12:17:29'),
(141,17,'Colette Le Guillot','<p>Quia quos aut non dolorum aliquid et. Explicabo nemo iure est omnis eius.</p><p>Rerum ut pariatur eos rerum quaerat. Minima error a debitis a ipsa atque quis.</p>','2019-09-30 21:04:03'),
(142,17,'Victor Berthelot','<p>Quia quos aut non dolorum aliquid et. Explicabo nemo iure est omnis eius.</p><p>Rerum ut pariatur eos rerum quaerat. Minima error a debitis a ipsa atque quis.</p>','2019-09-15 11:48:13'),
(143,17,'Christelle Jacquet','<p>Quia quos aut non dolorum aliquid et. Explicabo nemo iure est omnis eius.</p><p>Rerum ut pariatur eos rerum quaerat. Minima error a debitis a ipsa atque quis.</p>','2019-09-25 19:15:53'),
(144,17,'Marcelle Menard','<p>Quia quos aut non dolorum aliquid et. Explicabo nemo iure est omnis eius.</p><p>Rerum ut pariatur eos rerum quaerat. Minima error a debitis a ipsa atque quis.</p>','2019-10-16 21:06:00'),
(145,17,'Auguste Antoine','<p>Quia quos aut non dolorum aliquid et. Explicabo nemo iure est omnis eius.</p><p>Rerum ut pariatur eos rerum quaerat. Minima error a debitis a ipsa atque quis.</p>','2019-09-07 06:58:07'),
(146,17,'Geneviève Hamel','<p>Quia quos aut non dolorum aliquid et. Explicabo nemo iure est omnis eius.</p><p>Rerum ut pariatur eos rerum quaerat. Minima error a debitis a ipsa atque quis.</p>','2019-09-24 14:43:49'),
(147,17,'Zacharie Royer','<p>Quia quos aut non dolorum aliquid et. Explicabo nemo iure est omnis eius.</p><p>Rerum ut pariatur eos rerum quaerat. Minima error a debitis a ipsa atque quis.</p>','2019-10-14 06:33:00'),
(148,17,'Cécile-Caroline Legros','<p>Quia quos aut non dolorum aliquid et. Explicabo nemo iure est omnis eius.</p><p>Rerum ut pariatur eos rerum quaerat. Minima error a debitis a ipsa atque quis.</p>','2019-09-28 13:10:34'),
(149,17,'Gabrielle Delahaye','<p>Quia quos aut non dolorum aliquid et. Explicabo nemo iure est omnis eius.</p><p>Rerum ut pariatur eos rerum quaerat. Minima error a debitis a ipsa atque quis.</p>','2019-08-31 08:38:53'),
(150,18,'Gabriel Sanchez','<p>Maiores adipisci occaecati voluptatem id et. Maxime possimus accusamus earum. Incidunt sequi quod aut nisi harum sint at tempore.</p><p>Recusandae qui autem laboriosam earum voluptatibus quam accusantium ex. Consequatur mollitia ex autem eaque. Ut fugit consectetur numquam nostrum.</p>','2019-10-03 08:21:13'),
(151,18,'Guy Lebrun','<p>Maiores adipisci occaecati voluptatem id et. Maxime possimus accusamus earum. Incidunt sequi quod aut nisi harum sint at tempore.</p><p>Recusandae qui autem laboriosam earum voluptatibus quam accusantium ex. Consequatur mollitia ex autem eaque. Ut fugit consectetur numquam nostrum.</p>','2019-10-19 19:05:27'),
(152,18,'Denis Carpentier','<p>Maiores adipisci occaecati voluptatem id et. Maxime possimus accusamus earum. Incidunt sequi quod aut nisi harum sint at tempore.</p><p>Recusandae qui autem laboriosam earum voluptatibus quam accusantium ex. Consequatur mollitia ex autem eaque. Ut fugit consectetur numquam nostrum.</p>','2019-10-02 15:03:07'),
(153,18,'Yves du Nguyen','<p>Maiores adipisci occaecati voluptatem id et. Maxime possimus accusamus earum. Incidunt sequi quod aut nisi harum sint at tempore.</p><p>Recusandae qui autem laboriosam earum voluptatibus quam accusantium ex. Consequatur mollitia ex autem eaque. Ut fugit consectetur numquam nostrum.</p>','2019-10-07 20:37:36'),
(154,18,'Margaux Bonnet','<p>Maiores adipisci occaecati voluptatem id et. Maxime possimus accusamus earum. Incidunt sequi quod aut nisi harum sint at tempore.</p><p>Recusandae qui autem laboriosam earum voluptatibus quam accusantium ex. Consequatur mollitia ex autem eaque. Ut fugit consectetur numquam nostrum.</p>','2019-10-06 14:29:43'),
(155,19,'Jean Blin','<p>Molestias aliquam vel est repudiandae sapiente dicta est. Ad aperiam aspernatur corporis ut. Adipisci deleniti eum incidunt nobis. Velit est quae nulla omnis vitae.</p><p>Reprehenderit pariatur animi cum minus porro perferendis quos. Quas voluptatem quia voluptatem voluptas doloremque repudiandae enim nihil. Praesentium asperiores accusantium id. Ipsam explicabo qui autem ducimus expedita molestiae perspiciatis. Ullam totam voluptatibus ipsum eveniet et.</p>','2019-09-22 01:15:43'),
(156,19,'Paulette Legrand','<p>Molestias aliquam vel est repudiandae sapiente dicta est. Ad aperiam aspernatur corporis ut. Adipisci deleniti eum incidunt nobis. Velit est quae nulla omnis vitae.</p><p>Reprehenderit pariatur animi cum minus porro perferendis quos. Quas voluptatem quia voluptatem voluptas doloremque repudiandae enim nihil. Praesentium asperiores accusantium id. Ipsam explicabo qui autem ducimus expedita molestiae perspiciatis. Ullam totam voluptatibus ipsum eveniet et.</p>','2019-07-26 13:28:29'),
(157,19,'Charlotte Antoine','<p>Molestias aliquam vel est repudiandae sapiente dicta est. Ad aperiam aspernatur corporis ut. Adipisci deleniti eum incidunt nobis. Velit est quae nulla omnis vitae.</p><p>Reprehenderit pariatur animi cum minus porro perferendis quos. Quas voluptatem quia voluptatem voluptas doloremque repudiandae enim nihil. Praesentium asperiores accusantium id. Ipsam explicabo qui autem ducimus expedita molestiae perspiciatis. Ullam totam voluptatibus ipsum eveniet et.</p>','2019-10-03 11:10:16'),
(158,19,'Sabine Lamy','<p>Molestias aliquam vel est repudiandae sapiente dicta est. Ad aperiam aspernatur corporis ut. Adipisci deleniti eum incidunt nobis. Velit est quae nulla omnis vitae.</p><p>Reprehenderit pariatur animi cum minus porro perferendis quos. Quas voluptatem quia voluptatem voluptas doloremque repudiandae enim nihil. Praesentium asperiores accusantium id. Ipsam explicabo qui autem ducimus expedita molestiae perspiciatis. Ullam totam voluptatibus ipsum eveniet et.</p>','2019-07-31 16:44:08'),
(159,19,'Astrid Gay','<p>Molestias aliquam vel est repudiandae sapiente dicta est. Ad aperiam aspernatur corporis ut. Adipisci deleniti eum incidunt nobis. Velit est quae nulla omnis vitae.</p><p>Reprehenderit pariatur animi cum minus porro perferendis quos. Quas voluptatem quia voluptatem voluptas doloremque repudiandae enim nihil. Praesentium asperiores accusantium id. Ipsam explicabo qui autem ducimus expedita molestiae perspiciatis. Ullam totam voluptatibus ipsum eveniet et.</p>','2019-08-15 16:53:54'),
(160,19,'Matthieu Carlier-Gomes','<p>Molestias aliquam vel est repudiandae sapiente dicta est. Ad aperiam aspernatur corporis ut. Adipisci deleniti eum incidunt nobis. Velit est quae nulla omnis vitae.</p><p>Reprehenderit pariatur animi cum minus porro perferendis quos. Quas voluptatem quia voluptatem voluptas doloremque repudiandae enim nihil. Praesentium asperiores accusantium id. Ipsam explicabo qui autem ducimus expedita molestiae perspiciatis. Ullam totam voluptatibus ipsum eveniet et.</p>','2019-08-26 17:34:05'),
(161,19,'Aimée Adam-Raynaud','<p>Molestias aliquam vel est repudiandae sapiente dicta est. Ad aperiam aspernatur corporis ut. Adipisci deleniti eum incidunt nobis. Velit est quae nulla omnis vitae.</p><p>Reprehenderit pariatur animi cum minus porro perferendis quos. Quas voluptatem quia voluptatem voluptas doloremque repudiandae enim nihil. Praesentium asperiores accusantium id. Ipsam explicabo qui autem ducimus expedita molestiae perspiciatis. Ullam totam voluptatibus ipsum eveniet et.</p>','2019-08-16 04:03:07'),
(162,19,'Martin Vidal','<p>Molestias aliquam vel est repudiandae sapiente dicta est. Ad aperiam aspernatur corporis ut. Adipisci deleniti eum incidunt nobis. Velit est quae nulla omnis vitae.</p><p>Reprehenderit pariatur animi cum minus porro perferendis quos. Quas voluptatem quia voluptatem voluptas doloremque repudiandae enim nihil. Praesentium asperiores accusantium id. Ipsam explicabo qui autem ducimus expedita molestiae perspiciatis. Ullam totam voluptatibus ipsum eveniet et.</p>','2019-10-19 08:26:55'),
(163,19,'Roger Coste','<p>Molestias aliquam vel est repudiandae sapiente dicta est. Ad aperiam aspernatur corporis ut. Adipisci deleniti eum incidunt nobis. Velit est quae nulla omnis vitae.</p><p>Reprehenderit pariatur animi cum minus porro perferendis quos. Quas voluptatem quia voluptatem voluptas doloremque repudiandae enim nihil. Praesentium asperiores accusantium id. Ipsam explicabo qui autem ducimus expedita molestiae perspiciatis. Ullam totam voluptatibus ipsum eveniet et.</p>','2019-08-25 12:54:32'),
(164,20,'Honoré Lejeune','<p>Asperiores et doloremque perferendis quod sint quia magni. Maxime aspernatur et expedita nobis id facilis dolores. Voluptatibus enim enim omnis minus et voluptate molestias. Rerum ad aperiam asperiores facilis nam.</p><p>Doloremque voluptatibus soluta optio quia nulla repellendus amet. Vel impedit et dolorem delectus hic molestias. Alias dolorem officia blanditiis distinctio explicabo aperiam ad labore.</p>','2019-08-31 16:54:31'),
(165,20,'Michel Wagner','<p>Asperiores et doloremque perferendis quod sint quia magni. Maxime aspernatur et expedita nobis id facilis dolores. Voluptatibus enim enim omnis minus et voluptate molestias. Rerum ad aperiam asperiores facilis nam.</p><p>Doloremque voluptatibus soluta optio quia nulla repellendus amet. Vel impedit et dolorem delectus hic molestias. Alias dolorem officia blanditiis distinctio explicabo aperiam ad labore.</p>','2019-09-09 15:11:36'),
(166,20,'Jacqueline Olivier','<p>Asperiores et doloremque perferendis quod sint quia magni. Maxime aspernatur et expedita nobis id facilis dolores. Voluptatibus enim enim omnis minus et voluptate molestias. Rerum ad aperiam asperiores facilis nam.</p><p>Doloremque voluptatibus soluta optio quia nulla repellendus amet. Vel impedit et dolorem delectus hic molestias. Alias dolorem officia blanditiis distinctio explicabo aperiam ad labore.</p>','2019-10-16 02:54:32'),
(167,20,'Rémy Weiss','<p>Asperiores et doloremque perferendis quod sint quia magni. Maxime aspernatur et expedita nobis id facilis dolores. Voluptatibus enim enim omnis minus et voluptate molestias. Rerum ad aperiam asperiores facilis nam.</p><p>Doloremque voluptatibus soluta optio quia nulla repellendus amet. Vel impedit et dolorem delectus hic molestias. Alias dolorem officia blanditiis distinctio explicabo aperiam ad labore.</p>','2019-09-03 11:28:28'),
(168,20,'Luce Leduc','<p>Asperiores et doloremque perferendis quod sint quia magni. Maxime aspernatur et expedita nobis id facilis dolores. Voluptatibus enim enim omnis minus et voluptate molestias. Rerum ad aperiam asperiores facilis nam.</p><p>Doloremque voluptatibus soluta optio quia nulla repellendus amet. Vel impedit et dolorem delectus hic molestias. Alias dolorem officia blanditiis distinctio explicabo aperiam ad labore.</p>','2019-09-15 00:14:06'),
(169,20,'Andrée Peron-Gay','<p>Asperiores et doloremque perferendis quod sint quia magni. Maxime aspernatur et expedita nobis id facilis dolores. Voluptatibus enim enim omnis minus et voluptate molestias. Rerum ad aperiam asperiores facilis nam.</p><p>Doloremque voluptatibus soluta optio quia nulla repellendus amet. Vel impedit et dolorem delectus hic molestias. Alias dolorem officia blanditiis distinctio explicabo aperiam ad labore.</p>','2019-08-26 15:38:27'),
(170,20,'David de la Collin','<p>Asperiores et doloremque perferendis quod sint quia magni. Maxime aspernatur et expedita nobis id facilis dolores. Voluptatibus enim enim omnis minus et voluptate molestias. Rerum ad aperiam asperiores facilis nam.</p><p>Doloremque voluptatibus soluta optio quia nulla repellendus amet. Vel impedit et dolorem delectus hic molestias. Alias dolorem officia blanditiis distinctio explicabo aperiam ad labore.</p>','2019-09-28 03:08:19'),
(171,20,'Marthe Durand','<p>Asperiores et doloremque perferendis quod sint quia magni. Maxime aspernatur et expedita nobis id facilis dolores. Voluptatibus enim enim omnis minus et voluptate molestias. Rerum ad aperiam asperiores facilis nam.</p><p>Doloremque voluptatibus soluta optio quia nulla repellendus amet. Vel impedit et dolorem delectus hic molestias. Alias dolorem officia blanditiis distinctio explicabo aperiam ad labore.</p>','2019-10-16 11:11:10'),
(172,20,'Luc Klein','<p>Asperiores et doloremque perferendis quod sint quia magni. Maxime aspernatur et expedita nobis id facilis dolores. Voluptatibus enim enim omnis minus et voluptate molestias. Rerum ad aperiam asperiores facilis nam.</p><p>Doloremque voluptatibus soluta optio quia nulla repellendus amet. Vel impedit et dolorem delectus hic molestias. Alias dolorem officia blanditiis distinctio explicabo aperiam ad labore.</p>','2019-10-08 04:19:12'),
(173,20,'Charles Vincent','<p>Asperiores et doloremque perferendis quod sint quia magni. Maxime aspernatur et expedita nobis id facilis dolores. Voluptatibus enim enim omnis minus et voluptate molestias. Rerum ad aperiam asperiores facilis nam.</p><p>Doloremque voluptatibus soluta optio quia nulla repellendus amet. Vel impedit et dolorem delectus hic molestias. Alias dolorem officia blanditiis distinctio explicabo aperiam ad labore.</p>','2019-10-01 12:45:30'),
(174,20,'André-Georges Pasquier','<p>Asperiores et doloremque perferendis quod sint quia magni. Maxime aspernatur et expedita nobis id facilis dolores. Voluptatibus enim enim omnis minus et voluptate molestias. Rerum ad aperiam asperiores facilis nam.</p><p>Doloremque voluptatibus soluta optio quia nulla repellendus amet. Vel impedit et dolorem delectus hic molestias. Alias dolorem officia blanditiis distinctio explicabo aperiam ad labore.</p>','2019-10-26 00:53:09'),
(175,21,'Georges-Alexandre Langlois','<p>Non ad molestias tenetur eum unde quam. Soluta consectetur doloremque magnam qui ea. Autem magnam cumque repellat nisi quidem odio ut quis.</p><p>Explicabo esse repudiandae non nihil veniam autem ut sequi. Voluptatem ut et dolor assumenda accusamus est. Beatae doloribus placeat accusantium tenetur accusantium enim architecto aliquid. Rerum est voluptatibus sunt rem.</p>','2019-09-01 11:45:08'),
(176,21,'Joseph Dos Santos','<p>Non ad molestias tenetur eum unde quam. Soluta consectetur doloremque magnam qui ea. Autem magnam cumque repellat nisi quidem odio ut quis.</p><p>Explicabo esse repudiandae non nihil veniam autem ut sequi. Voluptatem ut et dolor assumenda accusamus est. Beatae doloribus placeat accusantium tenetur accusantium enim architecto aliquid. Rerum est voluptatibus sunt rem.</p>','2019-07-30 11:31:41'),
(177,21,'Émile Guillet-Mace','<p>Non ad molestias tenetur eum unde quam. Soluta consectetur doloremque magnam qui ea. Autem magnam cumque repellat nisi quidem odio ut quis.</p><p>Explicabo esse repudiandae non nihil veniam autem ut sequi. Voluptatem ut et dolor assumenda accusamus est. Beatae doloribus placeat accusantium tenetur accusantium enim architecto aliquid. Rerum est voluptatibus sunt rem.</p>','2019-09-20 01:27:07'),
(178,21,'Xavier Le Hernandez','<p>Non ad molestias tenetur eum unde quam. Soluta consectetur doloremque magnam qui ea. Autem magnam cumque repellat nisi quidem odio ut quis.</p><p>Explicabo esse repudiandae non nihil veniam autem ut sequi. Voluptatem ut et dolor assumenda accusamus est. Beatae doloribus placeat accusantium tenetur accusantium enim architecto aliquid. Rerum est voluptatibus sunt rem.</p>','2019-10-06 12:26:31'),
(179,21,'Xavier Maillard','<p>Non ad molestias tenetur eum unde quam. Soluta consectetur doloremque magnam qui ea. Autem magnam cumque repellat nisi quidem odio ut quis.</p><p>Explicabo esse repudiandae non nihil veniam autem ut sequi. Voluptatem ut et dolor assumenda accusamus est. Beatae doloribus placeat accusantium tenetur accusantium enim architecto aliquid. Rerum est voluptatibus sunt rem.</p>','2019-08-17 09:35:09'),
(180,21,'Céline Morel','<p>Non ad molestias tenetur eum unde quam. Soluta consectetur doloremque magnam qui ea. Autem magnam cumque repellat nisi quidem odio ut quis.</p><p>Explicabo esse repudiandae non nihil veniam autem ut sequi. Voluptatem ut et dolor assumenda accusamus est. Beatae doloribus placeat accusantium tenetur accusantium enim architecto aliquid. Rerum est voluptatibus sunt rem.</p>','2019-05-29 13:33:15'),
(181,21,'Audrey Chartier','<p>Non ad molestias tenetur eum unde quam. Soluta consectetur doloremque magnam qui ea. Autem magnam cumque repellat nisi quidem odio ut quis.</p><p>Explicabo esse repudiandae non nihil veniam autem ut sequi. Voluptatem ut et dolor assumenda accusamus est. Beatae doloribus placeat accusantium tenetur accusantium enim architecto aliquid. Rerum est voluptatibus sunt rem.</p>','2019-08-25 19:46:35'),
(182,21,'Élise de la Noel','<p>Non ad molestias tenetur eum unde quam. Soluta consectetur doloremque magnam qui ea. Autem magnam cumque repellat nisi quidem odio ut quis.</p><p>Explicabo esse repudiandae non nihil veniam autem ut sequi. Voluptatem ut et dolor assumenda accusamus est. Beatae doloribus placeat accusantium tenetur accusantium enim architecto aliquid. Rerum est voluptatibus sunt rem.</p>','2019-05-18 23:41:33'),
(183,21,'David Colin','<p>Non ad molestias tenetur eum unde quam. Soluta consectetur doloremque magnam qui ea. Autem magnam cumque repellat nisi quidem odio ut quis.</p><p>Explicabo esse repudiandae non nihil veniam autem ut sequi. Voluptatem ut et dolor assumenda accusamus est. Beatae doloribus placeat accusantium tenetur accusantium enim architecto aliquid. Rerum est voluptatibus sunt rem.</p>','2019-07-15 21:14:51'),
(184,21,'Michelle Gautier','<p>Non ad molestias tenetur eum unde quam. Soluta consectetur doloremque magnam qui ea. Autem magnam cumque repellat nisi quidem odio ut quis.</p><p>Explicabo esse repudiandae non nihil veniam autem ut sequi. Voluptatem ut et dolor assumenda accusamus est. Beatae doloribus placeat accusantium tenetur accusantium enim architecto aliquid. Rerum est voluptatibus sunt rem.</p>','2019-10-17 22:28:43'),
(185,22,'Marthe Marion-Humbert','<p>Ut suscipit est deleniti nesciunt possimus. Non adipisci qui reiciendis velit. Sit est repellat voluptas cupiditate recusandae odio.</p><p>Sunt aspernatur accusantium qui quis velit in. Eum totam sit sunt magni.</p>','2019-06-14 23:31:34'),
(186,22,'Benoît Durand-Bodin','<p>Ut suscipit est deleniti nesciunt possimus. Non adipisci qui reiciendis velit. Sit est repellat voluptas cupiditate recusandae odio.</p><p>Sunt aspernatur accusantium qui quis velit in. Eum totam sit sunt magni.</p>','2019-06-03 11:14:53'),
(187,22,'Denis Bruneau','<p>Ut suscipit est deleniti nesciunt possimus. Non adipisci qui reiciendis velit. Sit est repellat voluptas cupiditate recusandae odio.</p><p>Sunt aspernatur accusantium qui quis velit in. Eum totam sit sunt magni.</p>','2019-08-19 22:04:02'),
(188,22,'Martin Ramos','<p>Ut suscipit est deleniti nesciunt possimus. Non adipisci qui reiciendis velit. Sit est repellat voluptas cupiditate recusandae odio.</p><p>Sunt aspernatur accusantium qui quis velit in. Eum totam sit sunt magni.</p>','2019-10-09 20:39:36'),
(189,22,'Gilles de Hubert','<p>Ut suscipit est deleniti nesciunt possimus. Non adipisci qui reiciendis velit. Sit est repellat voluptas cupiditate recusandae odio.</p><p>Sunt aspernatur accusantium qui quis velit in. Eum totam sit sunt magni.</p>','2019-04-30 12:16:53'),
(190,22,'Pénélope Albert','<p>Ut suscipit est deleniti nesciunt possimus. Non adipisci qui reiciendis velit. Sit est repellat voluptas cupiditate recusandae odio.</p><p>Sunt aspernatur accusantium qui quis velit in. Eum totam sit sunt magni.</p>','2019-07-04 21:14:10'),
(191,22,'Amélie de Hubert','<p>Ut suscipit est deleniti nesciunt possimus. Non adipisci qui reiciendis velit. Sit est repellat voluptas cupiditate recusandae odio.</p><p>Sunt aspernatur accusantium qui quis velit in. Eum totam sit sunt magni.</p>','2019-10-11 07:38:13'),
(192,22,'Claude de la Pottier','<p>Ut suscipit est deleniti nesciunt possimus. Non adipisci qui reiciendis velit. Sit est repellat voluptas cupiditate recusandae odio.</p><p>Sunt aspernatur accusantium qui quis velit in. Eum totam sit sunt magni.</p>','2019-09-16 10:57:08'),
(193,22,'William-Zacharie Boutin','<p>Ut suscipit est deleniti nesciunt possimus. Non adipisci qui reiciendis velit. Sit est repellat voluptas cupiditate recusandae odio.</p><p>Sunt aspernatur accusantium qui quis velit in. Eum totam sit sunt magni.</p>','2019-06-14 14:42:27'),
(194,23,'Laurence Faure','<p>Placeat est quas ut. Eius ab quaerat quo labore neque quas reprehenderit animi. At aut ducimus nihil ab.</p><p>Velit voluptatibus minima maxime non asperiores enim. Voluptatibus et architecto aliquam autem quia voluptas. Placeat voluptatem unde temporibus voluptatum soluta earum illum. Inventore quia rerum vel quis iusto eum voluptate.</p>','2019-07-31 03:13:17'),
(195,23,'Marcelle De Sousa','<p>Placeat est quas ut. Eius ab quaerat quo labore neque quas reprehenderit animi. At aut ducimus nihil ab.</p><p>Velit voluptatibus minima maxime non asperiores enim. Voluptatibus et architecto aliquam autem quia voluptas. Placeat voluptatem unde temporibus voluptatum soluta earum illum. Inventore quia rerum vel quis iusto eum voluptate.</p>','2019-07-30 03:55:44'),
(196,23,'Sylvie Didier','<p>Placeat est quas ut. Eius ab quaerat quo labore neque quas reprehenderit animi. At aut ducimus nihil ab.</p><p>Velit voluptatibus minima maxime non asperiores enim. Voluptatibus et architecto aliquam autem quia voluptas. Placeat voluptatem unde temporibus voluptatum soluta earum illum. Inventore quia rerum vel quis iusto eum voluptate.</p>','2019-07-18 06:54:08'),
(197,23,'Roger Bertrand-Fleury','<p>Placeat est quas ut. Eius ab quaerat quo labore neque quas reprehenderit animi. At aut ducimus nihil ab.</p><p>Velit voluptatibus minima maxime non asperiores enim. Voluptatibus et architecto aliquam autem quia voluptas. Placeat voluptatem unde temporibus voluptatum soluta earum illum. Inventore quia rerum vel quis iusto eum voluptate.</p>','2019-07-22 11:48:56'),
(198,23,'Agnès de la Martinez','<p>Placeat est quas ut. Eius ab quaerat quo labore neque quas reprehenderit animi. At aut ducimus nihil ab.</p><p>Velit voluptatibus minima maxime non asperiores enim. Voluptatibus et architecto aliquam autem quia voluptas. Placeat voluptatem unde temporibus voluptatum soluta earum illum. Inventore quia rerum vel quis iusto eum voluptate.</p>','2019-10-10 17:48:44'),
(199,23,'Marc Schneider-Hoareau','<p>Placeat est quas ut. Eius ab quaerat quo labore neque quas reprehenderit animi. At aut ducimus nihil ab.</p><p>Velit voluptatibus minima maxime non asperiores enim. Voluptatibus et architecto aliquam autem quia voluptas. Placeat voluptatem unde temporibus voluptatum soluta earum illum. Inventore quia rerum vel quis iusto eum voluptate.</p>','2019-09-28 01:24:03'),
(200,23,'Dorothée-Adèle Legrand','<p>Placeat est quas ut. Eius ab quaerat quo labore neque quas reprehenderit animi. At aut ducimus nihil ab.</p><p>Velit voluptatibus minima maxime non asperiores enim. Voluptatibus et architecto aliquam autem quia voluptas. Placeat voluptatem unde temporibus voluptatum soluta earum illum. Inventore quia rerum vel quis iusto eum voluptate.</p>','2019-09-24 01:02:57'),
(201,23,'Louise Barthelemy','<p>Placeat est quas ut. Eius ab quaerat quo labore neque quas reprehenderit animi. At aut ducimus nihil ab.</p><p>Velit voluptatibus minima maxime non asperiores enim. Voluptatibus et architecto aliquam autem quia voluptas. Placeat voluptatem unde temporibus voluptatum soluta earum illum. Inventore quia rerum vel quis iusto eum voluptate.</p>','2019-10-28 02:17:10'),
(202,23,'Théodore-Bertrand Daniel','<p>Placeat est quas ut. Eius ab quaerat quo labore neque quas reprehenderit animi. At aut ducimus nihil ab.</p><p>Velit voluptatibus minima maxime non asperiores enim. Voluptatibus et architecto aliquam autem quia voluptas. Placeat voluptatem unde temporibus voluptatum soluta earum illum. Inventore quia rerum vel quis iusto eum voluptate.</p>','2019-08-17 02:15:43'),
(203,23,'Noël-Paul Blondel','<p>Placeat est quas ut. Eius ab quaerat quo labore neque quas reprehenderit animi. At aut ducimus nihil ab.</p><p>Velit voluptatibus minima maxime non asperiores enim. Voluptatibus et architecto aliquam autem quia voluptas. Placeat voluptatem unde temporibus voluptatum soluta earum illum. Inventore quia rerum vel quis iusto eum voluptate.</p>','2019-09-27 06:00:13'),
(204,23,'Margot Schneider','<p>Placeat est quas ut. Eius ab quaerat quo labore neque quas reprehenderit animi. At aut ducimus nihil ab.</p><p>Velit voluptatibus minima maxime non asperiores enim. Voluptatibus et architecto aliquam autem quia voluptas. Placeat voluptatem unde temporibus voluptatum soluta earum illum. Inventore quia rerum vel quis iusto eum voluptate.</p>','2019-10-17 16:19:54'),
(205,24,'Nicole Sanchez','<p>Sapiente a beatae repellendus nihil voluptas consequatur. Enim at ratione aspernatur ut doloribus temporibus blanditiis. Omnis soluta facilis eum modi rem eos.</p><p>Facilis eos provident nam quia magni accusamus non. Deserunt sed est blanditiis maxime molestias eum minus.</p>','2019-09-27 13:34:02'),
(206,24,'Arnaude Lombard','<p>Sapiente a beatae repellendus nihil voluptas consequatur. Enim at ratione aspernatur ut doloribus temporibus blanditiis. Omnis soluta facilis eum modi rem eos.</p><p>Facilis eos provident nam quia magni accusamus non. Deserunt sed est blanditiis maxime molestias eum minus.</p>','2019-09-06 01:21:20'),
(207,24,'Catherine Gaudin','<p>Sapiente a beatae repellendus nihil voluptas consequatur. Enim at ratione aspernatur ut doloribus temporibus blanditiis. Omnis soluta facilis eum modi rem eos.</p><p>Facilis eos provident nam quia magni accusamus non. Deserunt sed est blanditiis maxime molestias eum minus.</p>','2019-09-01 03:00:10'),
(208,24,'Frédérique Wagner','<p>Sapiente a beatae repellendus nihil voluptas consequatur. Enim at ratione aspernatur ut doloribus temporibus blanditiis. Omnis soluta facilis eum modi rem eos.</p><p>Facilis eos provident nam quia magni accusamus non. Deserunt sed est blanditiis maxime molestias eum minus.</p>','2019-10-03 10:58:25'),
(209,24,'Sabine-Claudine Charrier','<p>Sapiente a beatae repellendus nihil voluptas consequatur. Enim at ratione aspernatur ut doloribus temporibus blanditiis. Omnis soluta facilis eum modi rem eos.</p><p>Facilis eos provident nam quia magni accusamus non. Deserunt sed est blanditiis maxime molestias eum minus.</p>','2019-10-18 23:55:28'),
(210,24,'Claude Marques','<p>Sapiente a beatae repellendus nihil voluptas consequatur. Enim at ratione aspernatur ut doloribus temporibus blanditiis. Omnis soluta facilis eum modi rem eos.</p><p>Facilis eos provident nam quia magni accusamus non. Deserunt sed est blanditiis maxime molestias eum minus.</p>','2019-09-28 17:02:04'),
(211,24,'Charlotte Meunier','<p>Sapiente a beatae repellendus nihil voluptas consequatur. Enim at ratione aspernatur ut doloribus temporibus blanditiis. Omnis soluta facilis eum modi rem eos.</p><p>Facilis eos provident nam quia magni accusamus non. Deserunt sed est blanditiis maxime molestias eum minus.</p>','2019-09-03 09:31:52'),
(212,24,'Danielle de Cordier','<p>Sapiente a beatae repellendus nihil voluptas consequatur. Enim at ratione aspernatur ut doloribus temporibus blanditiis. Omnis soluta facilis eum modi rem eos.</p><p>Facilis eos provident nam quia magni accusamus non. Deserunt sed est blanditiis maxime molestias eum minus.</p>','2019-09-13 16:16:35'),
(213,25,'Jean du Pinto','<p>Libero autem sunt tenetur qui voluptatibus. Quis sequi iusto nihil rerum.</p><p>Non quidem vel ut adipisci voluptatibus iste eligendi. Molestias sunt nesciunt qui esse autem voluptas sed dolorem. Similique excepturi praesentium quidem qui eligendi alias nisi veniam. Quae debitis rerum iste quo ut rerum est.</p>','2019-07-07 04:23:16'),
(214,25,'Frédérique Blanchard-David','<p>Libero autem sunt tenetur qui voluptatibus. Quis sequi iusto nihil rerum.</p><p>Non quidem vel ut adipisci voluptatibus iste eligendi. Molestias sunt nesciunt qui esse autem voluptas sed dolorem. Similique excepturi praesentium quidem qui eligendi alias nisi veniam. Quae debitis rerum iste quo ut rerum est.</p>','2019-10-02 16:20:04'),
(215,25,'William du Morin','<p>Libero autem sunt tenetur qui voluptatibus. Quis sequi iusto nihil rerum.</p><p>Non quidem vel ut adipisci voluptatibus iste eligendi. Molestias sunt nesciunt qui esse autem voluptas sed dolorem. Similique excepturi praesentium quidem qui eligendi alias nisi veniam. Quae debitis rerum iste quo ut rerum est.</p>','2019-07-24 22:18:26'),
(216,25,'Laurent Leger','<p>Libero autem sunt tenetur qui voluptatibus. Quis sequi iusto nihil rerum.</p><p>Non quidem vel ut adipisci voluptatibus iste eligendi. Molestias sunt nesciunt qui esse autem voluptas sed dolorem. Similique excepturi praesentium quidem qui eligendi alias nisi veniam. Quae debitis rerum iste quo ut rerum est.</p>','2019-09-26 04:22:05'),
(217,25,'Margaret-Susanne Martel','<p>Libero autem sunt tenetur qui voluptatibus. Quis sequi iusto nihil rerum.</p><p>Non quidem vel ut adipisci voluptatibus iste eligendi. Molestias sunt nesciunt qui esse autem voluptas sed dolorem. Similique excepturi praesentium quidem qui eligendi alias nisi veniam. Quae debitis rerum iste quo ut rerum est.</p>','2019-09-07 19:20:03'),
(218,25,'Martine Rousseau','<p>Libero autem sunt tenetur qui voluptatibus. Quis sequi iusto nihil rerum.</p><p>Non quidem vel ut adipisci voluptatibus iste eligendi. Molestias sunt nesciunt qui esse autem voluptas sed dolorem. Similique excepturi praesentium quidem qui eligendi alias nisi veniam. Quae debitis rerum iste quo ut rerum est.</p>','2019-09-25 18:08:37'),
(219,25,'Christelle Maillet','<p>Libero autem sunt tenetur qui voluptatibus. Quis sequi iusto nihil rerum.</p><p>Non quidem vel ut adipisci voluptatibus iste eligendi. Molestias sunt nesciunt qui esse autem voluptas sed dolorem. Similique excepturi praesentium quidem qui eligendi alias nisi veniam. Quae debitis rerum iste quo ut rerum est.</p>','2019-07-23 07:57:58'),
(220,26,'Marie-Geneviève Dumas','<p>Laboriosam in ab dicta et quam. Laboriosam dolorem consequatur nulla beatae voluptas amet deserunt. Cumque laudantium commodi rerum. Nihil non est architecto adipisci qui aut. Impedit perspiciatis qui rerum sed maiores.</p><p>Debitis omnis sint placeat rerum rem. Placeat eum magni natus necessitatibus sed dignissimos nobis. Asperiores eum quam tempora optio.</p>','2019-06-27 21:46:48'),
(221,26,'Émilie-Édith Chauvet','<p>Laboriosam in ab dicta et quam. Laboriosam dolorem consequatur nulla beatae voluptas amet deserunt. Cumque laudantium commodi rerum. Nihil non est architecto adipisci qui aut. Impedit perspiciatis qui rerum sed maiores.</p><p>Debitis omnis sint placeat rerum rem. Placeat eum magni natus necessitatibus sed dignissimos nobis. Asperiores eum quam tempora optio.</p>','2019-08-27 00:26:43'),
(222,26,'Pauline Le Goff','<p>Laboriosam in ab dicta et quam. Laboriosam dolorem consequatur nulla beatae voluptas amet deserunt. Cumque laudantium commodi rerum. Nihil non est architecto adipisci qui aut. Impedit perspiciatis qui rerum sed maiores.</p><p>Debitis omnis sint placeat rerum rem. Placeat eum magni natus necessitatibus sed dignissimos nobis. Asperiores eum quam tempora optio.</p>','2019-09-23 20:03:49'),
(223,26,'André Blot','<p>Laboriosam in ab dicta et quam. Laboriosam dolorem consequatur nulla beatae voluptas amet deserunt. Cumque laudantium commodi rerum. Nihil non est architecto adipisci qui aut. Impedit perspiciatis qui rerum sed maiores.</p><p>Debitis omnis sint placeat rerum rem. Placeat eum magni natus necessitatibus sed dignissimos nobis. Asperiores eum quam tempora optio.</p>','2019-07-24 14:25:23'),
(224,26,'Camille Mary','<p>Laboriosam in ab dicta et quam. Laboriosam dolorem consequatur nulla beatae voluptas amet deserunt. Cumque laudantium commodi rerum. Nihil non est architecto adipisci qui aut. Impedit perspiciatis qui rerum sed maiores.</p><p>Debitis omnis sint placeat rerum rem. Placeat eum magni natus necessitatibus sed dignissimos nobis. Asperiores eum quam tempora optio.</p>','2019-08-01 18:59:17'),
(225,26,'Hugues de la Blin','<p>Laboriosam in ab dicta et quam. Laboriosam dolorem consequatur nulla beatae voluptas amet deserunt. Cumque laudantium commodi rerum. Nihil non est architecto adipisci qui aut. Impedit perspiciatis qui rerum sed maiores.</p><p>Debitis omnis sint placeat rerum rem. Placeat eum magni natus necessitatibus sed dignissimos nobis. Asperiores eum quam tempora optio.</p>','2019-09-04 02:56:19'),
(226,27,'Geneviève Besson','<p>Voluptas ut non neque a et ullam laudantium. Placeat corrupti vel vitae sint. Expedita rerum laborum et enim consectetur adipisci et qui. Quibusdam ut culpa fugiat ratione a eveniet commodi.</p><p>Labore rem quia magni excepturi. Vel qui delectus odit laborum non. Corporis ipsa aut sapiente temporibus assumenda a quis.</p>','2019-06-19 11:55:40'),
(227,27,'Roger Moreau-Hamon','<p>Voluptas ut non neque a et ullam laudantium. Placeat corrupti vel vitae sint. Expedita rerum laborum et enim consectetur adipisci et qui. Quibusdam ut culpa fugiat ratione a eveniet commodi.</p><p>Labore rem quia magni excepturi. Vel qui delectus odit laborum non. Corporis ipsa aut sapiente temporibus assumenda a quis.</p>','2019-07-17 21:46:02'),
(228,27,'Martine Delattre','<p>Voluptas ut non neque a et ullam laudantium. Placeat corrupti vel vitae sint. Expedita rerum laborum et enim consectetur adipisci et qui. Quibusdam ut culpa fugiat ratione a eveniet commodi.</p><p>Labore rem quia magni excepturi. Vel qui delectus odit laborum non. Corporis ipsa aut sapiente temporibus assumenda a quis.</p>','2019-05-21 07:57:29'),
(229,27,'René Delaunay','<p>Voluptas ut non neque a et ullam laudantium. Placeat corrupti vel vitae sint. Expedita rerum laborum et enim consectetur adipisci et qui. Quibusdam ut culpa fugiat ratione a eveniet commodi.</p><p>Labore rem quia magni excepturi. Vel qui delectus odit laborum non. Corporis ipsa aut sapiente temporibus assumenda a quis.</p>','2019-05-18 21:40:59'),
(230,27,'Marc Jacquet','<p>Voluptas ut non neque a et ullam laudantium. Placeat corrupti vel vitae sint. Expedita rerum laborum et enim consectetur adipisci et qui. Quibusdam ut culpa fugiat ratione a eveniet commodi.</p><p>Labore rem quia magni excepturi. Vel qui delectus odit laborum non. Corporis ipsa aut sapiente temporibus assumenda a quis.</p>','2019-08-26 10:53:29'),
(231,27,'Thérèse Bouchet','<p>Voluptas ut non neque a et ullam laudantium. Placeat corrupti vel vitae sint. Expedita rerum laborum et enim consectetur adipisci et qui. Quibusdam ut culpa fugiat ratione a eveniet commodi.</p><p>Labore rem quia magni excepturi. Vel qui delectus odit laborum non. Corporis ipsa aut sapiente temporibus assumenda a quis.</p>','2019-07-26 01:46:12'),
(232,28,'Gilbert Le Gall','<p>Porro consequatur ea distinctio quo id sit. Sapiente asperiores inventore qui est ducimus molestiae. Numquam enim consectetur quisquam nisi amet voluptates.</p><p>Aut voluptatem dolores voluptas fuga. Atque consequatur dolor non quis ipsa architecto. Et reprehenderit et consequuntur ut animi facilis ut. Distinctio libero labore odio quam ut consequuntur.</p>','2019-09-19 20:43:49'),
(233,28,'Zoé Noel','<p>Porro consequatur ea distinctio quo id sit. Sapiente asperiores inventore qui est ducimus molestiae. Numquam enim consectetur quisquam nisi amet voluptates.</p><p>Aut voluptatem dolores voluptas fuga. Atque consequatur dolor non quis ipsa architecto. Et reprehenderit et consequuntur ut animi facilis ut. Distinctio libero labore odio quam ut consequuntur.</p>','2019-10-21 07:04:16'),
(234,28,'Henri Grenier','<p>Porro consequatur ea distinctio quo id sit. Sapiente asperiores inventore qui est ducimus molestiae. Numquam enim consectetur quisquam nisi amet voluptates.</p><p>Aut voluptatem dolores voluptas fuga. Atque consequatur dolor non quis ipsa architecto. Et reprehenderit et consequuntur ut animi facilis ut. Distinctio libero labore odio quam ut consequuntur.</p>','2019-10-03 11:40:16'),
(235,28,'Daniel-Nicolas Tanguy','<p>Porro consequatur ea distinctio quo id sit. Sapiente asperiores inventore qui est ducimus molestiae. Numquam enim consectetur quisquam nisi amet voluptates.</p><p>Aut voluptatem dolores voluptas fuga. Atque consequatur dolor non quis ipsa architecto. Et reprehenderit et consequuntur ut animi facilis ut. Distinctio libero labore odio quam ut consequuntur.</p>','2019-09-08 19:35:39'),
(236,28,'Guillaume Francois','<p>Porro consequatur ea distinctio quo id sit. Sapiente asperiores inventore qui est ducimus molestiae. Numquam enim consectetur quisquam nisi amet voluptates.</p><p>Aut voluptatem dolores voluptas fuga. Atque consequatur dolor non quis ipsa architecto. Et reprehenderit et consequuntur ut animi facilis ut. Distinctio libero labore odio quam ut consequuntur.</p>','2019-08-24 03:52:44'),
(237,28,'Laurence Fournier','<p>Porro consequatur ea distinctio quo id sit. Sapiente asperiores inventore qui est ducimus molestiae. Numquam enim consectetur quisquam nisi amet voluptates.</p><p>Aut voluptatem dolores voluptas fuga. Atque consequatur dolor non quis ipsa architecto. Et reprehenderit et consequuntur ut animi facilis ut. Distinctio libero labore odio quam ut consequuntur.</p>','2019-09-04 01:02:29'),
(238,28,'Tristan-Daniel Hoareau','<p>Porro consequatur ea distinctio quo id sit. Sapiente asperiores inventore qui est ducimus molestiae. Numquam enim consectetur quisquam nisi amet voluptates.</p><p>Aut voluptatem dolores voluptas fuga. Atque consequatur dolor non quis ipsa architecto. Et reprehenderit et consequuntur ut animi facilis ut. Distinctio libero labore odio quam ut consequuntur.</p>','2019-10-24 13:41:24'),
(239,28,'Patricia-Océane Gonzalez','<p>Porro consequatur ea distinctio quo id sit. Sapiente asperiores inventore qui est ducimus molestiae. Numquam enim consectetur quisquam nisi amet voluptates.</p><p>Aut voluptatem dolores voluptas fuga. Atque consequatur dolor non quis ipsa architecto. Et reprehenderit et consequuntur ut animi facilis ut. Distinctio libero labore odio quam ut consequuntur.</p>','2019-08-12 17:11:53'),
(240,28,'Denis Maury-Marques','<p>Porro consequatur ea distinctio quo id sit. Sapiente asperiores inventore qui est ducimus molestiae. Numquam enim consectetur quisquam nisi amet voluptates.</p><p>Aut voluptatem dolores voluptas fuga. Atque consequatur dolor non quis ipsa architecto. Et reprehenderit et consequuntur ut animi facilis ut. Distinctio libero labore odio quam ut consequuntur.</p>','2019-09-20 11:18:57'),
(241,29,'Michèle Mendes','<p>Officia et officiis cumque et voluptatem hic. Quos quod vitae suscipit voluptas. Optio eos quaerat dolor rerum eum. Consequatur aliquam tempore omnis repellendus.</p><p>Accusamus reiciendis voluptatem voluptatem optio id. Dolores aut praesentium quia qui rerum et. Dicta voluptatem reprehenderit deleniti et quae cumque eligendi. Ipsum ut sequi commodi voluptas facere in.</p>','2019-08-18 13:23:56'),
(242,29,'Thierry Bonneau','<p>Officia et officiis cumque et voluptatem hic. Quos quod vitae suscipit voluptas. Optio eos quaerat dolor rerum eum. Consequatur aliquam tempore omnis repellendus.</p><p>Accusamus reiciendis voluptatem voluptatem optio id. Dolores aut praesentium quia qui rerum et. Dicta voluptatem reprehenderit deleniti et quae cumque eligendi. Ipsum ut sequi commodi voluptas facere in.</p>','2019-10-27 19:45:51'),
(243,29,'Victor Barre-Benoit','<p>Officia et officiis cumque et voluptatem hic. Quos quod vitae suscipit voluptas. Optio eos quaerat dolor rerum eum. Consequatur aliquam tempore omnis repellendus.</p><p>Accusamus reiciendis voluptatem voluptatem optio id. Dolores aut praesentium quia qui rerum et. Dicta voluptatem reprehenderit deleniti et quae cumque eligendi. Ipsum ut sequi commodi voluptas facere in.</p>','2019-10-16 20:18:44'),
(244,29,'Marcel Guilbert','<p>Officia et officiis cumque et voluptatem hic. Quos quod vitae suscipit voluptas. Optio eos quaerat dolor rerum eum. Consequatur aliquam tempore omnis repellendus.</p><p>Accusamus reiciendis voluptatem voluptatem optio id. Dolores aut praesentium quia qui rerum et. Dicta voluptatem reprehenderit deleniti et quae cumque eligendi. Ipsum ut sequi commodi voluptas facere in.</p>','2019-10-23 08:25:40'),
(245,29,'Arthur Roche','<p>Officia et officiis cumque et voluptatem hic. Quos quod vitae suscipit voluptas. Optio eos quaerat dolor rerum eum. Consequatur aliquam tempore omnis repellendus.</p><p>Accusamus reiciendis voluptatem voluptatem optio id. Dolores aut praesentium quia qui rerum et. Dicta voluptatem reprehenderit deleniti et quae cumque eligendi. Ipsum ut sequi commodi voluptas facere in.</p>','2019-07-29 21:03:04'),
(246,29,'William Guillon','<p>Officia et officiis cumque et voluptatem hic. Quos quod vitae suscipit voluptas. Optio eos quaerat dolor rerum eum. Consequatur aliquam tempore omnis repellendus.</p><p>Accusamus reiciendis voluptatem voluptatem optio id. Dolores aut praesentium quia qui rerum et. Dicta voluptatem reprehenderit deleniti et quae cumque eligendi. Ipsum ut sequi commodi voluptas facere in.</p>','2019-09-15 15:59:42'),
(247,29,'Margaret Martel','<p>Officia et officiis cumque et voluptatem hic. Quos quod vitae suscipit voluptas. Optio eos quaerat dolor rerum eum. Consequatur aliquam tempore omnis repellendus.</p><p>Accusamus reiciendis voluptatem voluptatem optio id. Dolores aut praesentium quia qui rerum et. Dicta voluptatem reprehenderit deleniti et quae cumque eligendi. Ipsum ut sequi commodi voluptas facere in.</p>','2019-10-24 11:58:35'),
(248,30,'Véronique Mary','<p>Architecto ut laborum ipsum culpa. Ad perspiciatis quia in. Est rerum dolor voluptatem aperiam id. Nesciunt fugiat placeat eveniet temporibus et.</p><p>Illo qui velit aut quis in. Quibusdam rem et aliquid dignissimos illum. Ratione autem provident mollitia.</p>','2019-07-02 20:29:23'),
(249,30,'Alice Morin','<p>Architecto ut laborum ipsum culpa. Ad perspiciatis quia in. Est rerum dolor voluptatem aperiam id. Nesciunt fugiat placeat eveniet temporibus et.</p><p>Illo qui velit aut quis in. Quibusdam rem et aliquid dignissimos illum. Ratione autem provident mollitia.</p>','2019-08-07 04:48:57'),
(250,30,'Paulette de Gregoire','<p>Architecto ut laborum ipsum culpa. Ad perspiciatis quia in. Est rerum dolor voluptatem aperiam id. Nesciunt fugiat placeat eveniet temporibus et.</p><p>Illo qui velit aut quis in. Quibusdam rem et aliquid dignissimos illum. Ratione autem provident mollitia.</p>','2019-10-22 09:12:32'),
(251,30,'Auguste Auger-Bigot','<p>Architecto ut laborum ipsum culpa. Ad perspiciatis quia in. Est rerum dolor voluptatem aperiam id. Nesciunt fugiat placeat eveniet temporibus et.</p><p>Illo qui velit aut quis in. Quibusdam rem et aliquid dignissimos illum. Ratione autem provident mollitia.</p>','2019-08-12 12:42:57'),
(252,30,'Noël De Oliveira','<p>Architecto ut laborum ipsum culpa. Ad perspiciatis quia in. Est rerum dolor voluptatem aperiam id. Nesciunt fugiat placeat eveniet temporibus et.</p><p>Illo qui velit aut quis in. Quibusdam rem et aliquid dignissimos illum. Ratione autem provident mollitia.</p>','2019-07-22 12:30:26'),
(253,30,'Marie Denis','<p>Architecto ut laborum ipsum culpa. Ad perspiciatis quia in. Est rerum dolor voluptatem aperiam id. Nesciunt fugiat placeat eveniet temporibus et.</p><p>Illo qui velit aut quis in. Quibusdam rem et aliquid dignissimos illum. Ratione autem provident mollitia.</p>','2019-10-06 00:46:51'),
(254,30,'Denis du Vasseur','<p>Architecto ut laborum ipsum culpa. Ad perspiciatis quia in. Est rerum dolor voluptatem aperiam id. Nesciunt fugiat placeat eveniet temporibus et.</p><p>Illo qui velit aut quis in. Quibusdam rem et aliquid dignissimos illum. Ratione autem provident mollitia.</p>','2019-10-18 08:06:09'),
(255,30,'Étienne-Théodore Clement','<p>Architecto ut laborum ipsum culpa. Ad perspiciatis quia in. Est rerum dolor voluptatem aperiam id. Nesciunt fugiat placeat eveniet temporibus et.</p><p>Illo qui velit aut quis in. Quibusdam rem et aliquid dignissimos illum. Ratione autem provident mollitia.</p>','2019-09-23 23:27:38'),
(256,30,'Aimée Dumont','<p>Architecto ut laborum ipsum culpa. Ad perspiciatis quia in. Est rerum dolor voluptatem aperiam id. Nesciunt fugiat placeat eveniet temporibus et.</p><p>Illo qui velit aut quis in. Quibusdam rem et aliquid dignissimos illum. Ratione autem provident mollitia.</p>','2019-09-12 14:16:42'),
(257,30,'Adrienne Gregoire-Blanchard','<p>Architecto ut laborum ipsum culpa. Ad perspiciatis quia in. Est rerum dolor voluptatem aperiam id. Nesciunt fugiat placeat eveniet temporibus et.</p><p>Illo qui velit aut quis in. Quibusdam rem et aliquid dignissimos illum. Ratione autem provident mollitia.</p>','2019-07-15 01:54:45'),
(258,30,'Camille Sauvage','<p>Architecto ut laborum ipsum culpa. Ad perspiciatis quia in. Est rerum dolor voluptatem aperiam id. Nesciunt fugiat placeat eveniet temporibus et.</p><p>Illo qui velit aut quis in. Quibusdam rem et aliquid dignissimos illum. Ratione autem provident mollitia.</p>','2019-10-01 02:18:02');

/*Table structure for table `migration_versions` */

DROP TABLE IF EXISTS `migration_versions`;

CREATE TABLE `migration_versions` (
  `version` varchar(14) COLLATE utf8mb4_unicode_ci NOT NULL,
  `executed_at` datetime NOT NULL COMMENT '(DC2Type:datetime_immutable)',
  PRIMARY KEY (`version`)
) ENGINE=InnoDB DEFAULT CHARSET=utf8mb4 COLLATE=utf8mb4_unicode_ci;

/*Data for the table `migration_versions` */

insert  into `migration_versions`(`version`,`executed_at`) values 
('20191026133651','2019-10-26 13:38:53'),
('20191027201136','2019-10-27 20:17:25'),
('20191027210607','2019-10-27 21:06:39');

/*!40101 SET SQL_MODE=@OLD_SQL_MODE */;
/*!40014 SET FOREIGN_KEY_CHECKS=@OLD_FOREIGN_KEY_CHECKS */;
/*!40014 SET UNIQUE_CHECKS=@OLD_UNIQUE_CHECKS */;
/*!40111 SET SQL_NOTES=@OLD_SQL_NOTES */;

SET FOREIGN_KEY_CHECKS=1;